期权代码,期权名称,最新价,涨跌幅,行权价,折溢价率,标的名称,标的最新价,标的涨跌幅,盈亏平衡价,到期日
10009047,500ETF购9月7250,0.1711,371.35,7.25,-0.15,中证500ETF,7.432,2.13,7.421,2025-09-24
10009853,科创板50购9月1450,0.0357,257.0,1.45,-0.62,科创板50ETF,1.495,3.68,1.486,2025-09-24
10009837,科创50购9月1450,0.068,126.67,1.45,-0.78,科创50ETF,1.53,3.73,1.518,2025-09-24
10008821,300ETF沽9月3520A,0.0002,100.0,3.52,24.52,沪深300ETF,4.663,0.89,3.52,2025-09-24
10008824,300ETF沽9月3814A,0.0002,100.0,3.814,18.21,沪深300ETF,4.663,0.89,3.814,2025-09-24
10009803,科创板50购9月1400,0.0851,98.37,1.4,-0.66,科创板50ETF,1.495,3.68,1.485,2025-09-24
10009932,500ETF购10月7750,0.0609,67.77,7.75,5.1,中证500ETF,7.432,2.13,7.811,2025-10-22
10009629,300ETF购9月4600,0.0513,66.56,4.6,-0.25,沪深300ETF,4.663,0.89,4.651,2025-09-24
10009931,500ETF购10月7500,0.131,66.45,7.5,2.68,中证500ETF,7.432,2.13,7.631,2025-10-22
10008929,科创50购9月1400,0.12,58.73,1.4,-0.65,科创50ETF,1.53,3.73,1.52,2025-09-24
10009930,500ETF购10月7250,0.2537,58.56,7.25,0.96,中证500ETF,7.432,2.13,7.504,2025-10-22
10009986,科创50购10月1650,0.0309,56.85,1.65,9.86,科创50ETF,1.53,3.73,1.681,2025-10-22
10010033,科创50购10月1700,0.0205,52.99,1.7,12.45,科创50ETF,1.53,3.73,1.721,2025-10-22
10009985,科创50购10月1600,0.043,52.48,1.6,7.39,科创50ETF,1.53,3.73,1.643,2025-10-22
10008903,500ETF购9月7000,0.4193,51.37,7.0,-0.17,中证500ETF,7.432,2.13,7.419,2025-09-24
10009999,科创板50购10月1550,0.047,49.21,1.55,6.82,科创板50ETF,1.495,3.68,1.597,2025-10-22
10010009,500ETF购10月8250,0.0167,49.11,8.25,11.23,中证500ETF,7.432,2.13,8.267,2025-10-22
10009951,科创50购10月1550,0.0588,48.11,1.55,5.15,科创50ETF,1.53,3.73,1.609,2025-10-22
10009838,科创50购9月1500,0.01,47.06,1.5,-1.31,科创50ETF,1.53,3.73,1.51,2025-09-24
10010000,科创板50购10月1600,0.0319,46.33,1.6,9.16,科创板50ETF,1.495,3.68,1.632,2025-10-22
10008923,科创板50购9月1350,0.1341,45.76,1.35,-0.73,科创板50ETF,1.495,3.68,1.484,2025-09-24
10009929,500ETF购10月7000,0.4343,45.54,7.0,0.03,中证500ETF,7.432,2.13,7.434,2025-10-22
10009933,500ETF购10月8000,0.0296,45.1,8.0,8.04,中证500ETF,7.432,2.13,8.03,2025-10-22
10010041,科创板50购10月1650,0.0217,41.83,1.65,11.82,科创板50ETF,1.495,3.68,1.672,2025-10-22
10009969,科创板50购10月1500,0.0624,41.5,1.5,4.51,科创板50ETF,1.495,3.68,1.562,2025-10-22
10008911,科创50购9月1350,0.176,39.9,1.35,-0.26,科创50ETF,1.53,3.73,1.526,2025-09-24
10009950,科创50购10月1500,0.079,39.82,1.5,3.2,科创50ETF,1.53,3.73,1.579,2025-10-22
10009967,科创板50购10月1400,0.113,36.47,1.4,1.2,科创板50ETF,1.495,3.68,1.513,2025-10-22
10009968,科创板50购10月1450,0.0842,35.81,1.45,2.62,科创板50ETF,1.495,3.68,1.534,2025-10-22
10009949,科创50购10月1450,0.1052,35.04,1.45,1.65,科创50ETF,1.53,3.73,1.555,2025-10-22
10009829,500ETF购12月8000,0.1189,32.26,8.0,9.24,中证500ETF,7.432,2.13,8.119,2025-12-24
10009769,500ETF购12月7750,0.1713,32.07,7.75,6.58,中证500ETF,7.432,2.13,7.921,2025-12-24
10009745,500ETF购12月7500,0.25,31.37,7.5,4.28,中证500ETF,7.432,2.13,7.75,2025-12-24
10010043,科创板50购12月1650,0.0646,31.03,1.65,14.69,科创板50ETF,1.495,3.68,1.715,2025-12-24
10009615,500ETF购12月7250,0.3533,30.8,7.25,2.3,中证500ETF,7.432,2.13,7.603,2025-12-24
10010011,500ETF购12月8250,0.0809,30.69,8.25,12.09,中证500ETF,7.432,2.13,8.331,2025-12-24
10010003,科创板50购12月1600,0.0757,30.29,1.6,12.09,科创板50ETF,1.495,3.68,1.676,2025-12-24
10010035,科创50购12月1700,0.0613,29.87,1.7,15.12,科创50ETF,1.53,3.73,1.761,2025-12-24
10009948,科创50购10月1400,0.1359,29.68,1.4,0.39,科创50ETF,1.53,3.73,1.536,2025-10-22
10009966,科创板50购10月1350,0.1459,29.57,1.35,0.06,科创板50ETF,1.495,3.68,1.496,2025-10-22
10009039,50ETF购9月3000,0.0696,28.89,3.0,-0.08,上证50ETF,3.072,0.59,3.07,2025-09-24
10009507,500ETF购12月7000,0.493,28.82,7.0,0.82,中证500ETF,7.432,2.13,7.493,2025-12-24
10009885,科创板50购12月1550,0.0884,28.12,1.55,9.59,科创板50ETF,1.495,3.68,1.638,2025-12-24
10008887,500ETF购9月6750,0.6681,26.77,6.75,-0.19,中证500ETF,7.432,2.13,7.418,2025-09-24
10009607,300ETF购9月4500,0.1546,26.72,4.5,-0.18,沪深300ETF,4.663,0.89,4.655,2025-09-24
10008915,科创板50购9月1300,0.1798,26.62,1.3,-1.02,科创板50ETF,1.495,3.68,1.48,2025-09-24
10009965,科创板50购10月1300,0.1863,26.05,1.3,-0.58,科创板50ETF,1.495,3.68,1.486,2025-10-22
10010037,科创50购3月1700,0.0937,25.94,1.7,17.24,科创50ETF,1.53,3.73,1.794,2026-03-25
10009947,科创50购10月1350,0.175,25.9,1.35,-0.33,科创50ETF,1.53,3.73,1.525,2025-10-22
10008893,科创50购9月1300,0.2193,25.31,1.3,-0.7,科创50ETF,1.53,3.73,1.519,2025-09-24
10009261,500ETF购12月6750,0.6569,24.65,6.75,-0.34,中证500ETF,7.432,2.13,7.407,2025-12-24
10009857,科创板50购12月1450,0.1238,24.3,1.45,5.27,科创板50ETF,1.495,3.68,1.574,2025-12-24
10008889,科创板50购9月1250,0.2384,24.17,1.25,-0.44,科创板50ETF,1.495,3.68,1.488,2025-09-24
10009928,500ETF购10月6750,0.6542,24.14,6.75,-0.37,中证500ETF,7.432,2.13,7.404,2025-10-22
10009858,科创板50购12月1500,0.104,24.11,1.5,7.29,科创板50ETF,1.495,3.68,1.604,2025-12-24
10009805,科创板50购12月1400,0.1465,24.05,1.4,3.44,科创板50ETF,1.495,3.68,1.547,2025-12-24
10009677,500ETF购3月7250,0.416,23.88,7.25,3.15,中证500ETF,7.432,2.13,7.666,2026-03-25
10009747,500ETF购3月7500,0.3222,23.88,7.5,5.25,中证500ETF,7.432,2.13,7.822,2026-03-25
10009913,300ETF购10月4700,0.0717,23.41,4.7,2.33,沪深300ETF,4.663,0.89,4.772,2025-10-22
10010013,500ETF购3月8250,0.1506,23.34,8.25,13.03,中证500ETF,7.432,2.13,8.401,2026-03-25
10009946,科创50购10月1300,0.219,23.31,1.3,-0.72,科创50ETF,1.53,3.73,1.519,2025-10-22
10009989,科创50购12月1600,0.0858,23.28,1.6,10.18,科创50ETF,1.53,3.73,1.686,2025-12-24
10009771,500ETF购3月7750,0.25,23.09,7.75,7.64,中证500ETF,7.432,2.13,8.0,2026-03-25
10009775,科创板50购12月1350,0.1732,22.66,1.35,1.89,科创板50ETF,1.495,3.68,1.523,2025-12-24
10009842,科创50购12月1500,0.1203,22.51,1.5,5.9,科创50ETF,1.53,3.73,1.62,2025-12-24
10009990,科创50购12月1650,0.0719,22.49,1.65,12.54,科创50ETF,1.53,3.73,1.722,2025-12-24
10010005,科创板50购3月1600,0.1091,22.31,1.6,14.32,科创板50ETF,1.495,3.68,1.709,2026-03-25
10009676,500ETF购3月7000,0.5266,22.24,7.0,1.27,中证500ETF,7.432,2.13,7.527,2026-03-25
10009877,科创50购12月1550,0.1013,22.05,1.55,7.93,科创50ETF,1.53,3.73,1.651,2025-12-24
10009887,科创板50购3月1550,0.1237,21.63,1.55,11.95,科创板50ETF,1.495,3.68,1.674,2026-03-25
10009912,300ETF购10月4600,0.1216,21.6,4.6,1.26,沪深300ETF,4.663,0.89,4.722,2025-10-22
10009841,科创50购12月1450,0.142,21.37,1.45,4.05,科创50ETF,1.53,3.73,1.592,2025-12-24
10009994,科创50购3月1650,0.1047,20.9,1.65,14.69,科创50ETF,1.53,3.73,1.755,2026-03-25
10009751,科创50购12月1350,0.1953,20.18,1.35,1.0,科创50ETF,1.53,3.73,1.545,2025-12-24
10009781,科创50购12月1400,0.1662,20.09,1.4,2.37,科创50ETF,1.53,3.73,1.566,2025-12-24
10009911,300ETF购10月4500,0.193,19.88,4.5,0.64,沪深300ETF,4.663,0.89,4.693,2025-10-22
10008873,科创板50购9月1200,0.29,19.83,1.2,-0.33,科创板50ETF,1.495,3.68,1.49,2025-09-24
10009993,科创50购3月1600,0.1198,19.56,1.6,12.41,科创50ETF,1.53,3.73,1.72,2026-03-25
10008837,500ETF购9月6500,0.9261,19.19,6.5,-0.08,中证500ETF,7.432,2.13,7.426,2025-09-24
10009675,500ETF购3月6750,0.661,19.06,6.75,-0.28,中证500ETF,7.432,2.13,7.411,2026-03-25
10008855,科创50购9月1250,0.2675,18.89,1.25,-0.82,科创50ETF,1.53,3.73,1.518,2025-09-24
10010045,科创板50购3月1650,0.0954,18.8,1.65,16.75,科创板50ETF,1.495,3.68,1.745,2026-03-25
10009914,300ETF购10月4800,0.0396,18.56,4.8,3.79,沪深300ETF,4.663,0.89,4.84,2025-10-22
10009831,500ETF购3月8000,0.1853,18.55,8.0,10.14,中证500ETF,7.432,2.13,8.185,2026-03-25
10009964,科创板50购10月1250,0.2276,18.54,1.25,-1.16,科创板50ETF,1.495,3.68,1.478,2025-10-22
10009783,科创50购3月1400,0.1936,18.48,1.4,4.16,科创50ETF,1.53,3.73,1.594,2026-03-25
10009297,科创板50购12月1250,0.2337,18.39,1.25,-0.76,科创板50ETF,1.495,3.68,1.484,2025-12-24
10009737,科创板50购12月1300,0.1983,18.32,1.3,0.22,科创板50ETF,1.495,3.68,1.498,2025-12-24
10009846,科创50购3月1500,0.1523,18.15,1.5,7.99,科创50ETF,1.53,3.73,1.652,2026-03-25
10009962,科创板50购10月1150,0.3432,17.53,1.15,-0.12,科创板50ETF,1.495,3.68,1.493,2025-10-22
10009879,科创50购3月1550,0.1346,17.35,1.55,10.1,科创50ETF,1.53,3.73,1.685,2026-03-25
10009862,科创板50购3月1500,0.1382,17.32,1.5,9.58,科创板50ETF,1.495,3.68,1.638,2026-03-25
10009945,科创50购10月1250,0.2637,17.2,1.25,-1.07,科创50ETF,1.53,3.73,1.514,2025-10-22
10009845,科创50购3月1450,0.1695,16.98,1.45,5.85,科创50ETF,1.53,3.73,1.62,2026-03-25
10009807,科创板50购3月1400,0.177,16.75,1.4,5.48,科创板50ETF,1.495,3.68,1.577,2026-03-25
10009733,科创50购3月1300,0.2451,16.55,1.3,0.99,科创50ETF,1.53,3.73,1.545,2026-03-25
10009777,科创板50购3月1350,0.198,16.54,1.35,3.55,科创板50ETF,1.495,3.68,1.548,2026-03-25
10009309,科创50购12月1300,0.2284,16.29,1.3,-0.1,科创50ETF,1.53,3.73,1.528,2025-12-24
10009861,科创板50购3月1450,0.1546,16.24,1.45,7.33,科创板50ETF,1.495,3.68,1.605,2026-03-25
10009910,300ETF购10月4400,0.2762,16.0,4.4,0.28,沪深300ETF,4.663,0.89,4.676,2025-10-22
10009695,科创50购3月1250,0.2777,15.85,1.25,-0.15,科创50ETF,1.53,3.73,1.528,2026-03-25
10009753,科创50购3月1350,0.2185,15.73,1.35,2.52,科创50ETF,1.53,3.73,1.569,2026-03-25
10009279,科创50购12月1250,0.2619,15.63,1.25,-1.18,科创50ETF,1.53,3.73,1.512,2025-12-24
10008854,科创50购9月1200,0.3179,15.6,1.2,-0.79,科创50ETF,1.53,3.73,1.518,2025-09-24
10009739,科创板50购3月1300,0.224,15.4,1.3,1.94,科创板50ETF,1.495,3.68,1.524,2026-03-25
10009501,300ETF购9月4400,0.2559,15.27,4.4,-0.15,沪深300ETF,4.663,0.89,4.656,2025-09-24
10009915,300ETF购10月4900,0.0221,15.1,4.9,5.56,沪深300ETF,4.663,0.89,4.922,2025-10-22
10008907,300ETF购9月4401A,0.2541,14.98,4.401,-0.17,沪深300ETF,4.663,0.89,4.655,2025-09-24
10009963,科创板50购10月1200,0.278,14.88,1.2,-1.14,科创板50ETF,1.495,3.68,1.478,2025-10-22
10008905,50ETF购9月2950,0.1188,14.23,2.95,-0.1,上证50ETF,3.072,0.59,3.069,2025-09-24
10008836,500ETF购9月6250,1.1717,14.09,6.25,-0.14,中证500ETF,7.432,2.13,7.422,2025-09-24
10009893,50ETF购10月3100,0.0448,13.99,3.1,2.37,上证50ETF,3.072,0.59,3.145,2025-10-22
10010027,300ETF购12月5250,0.0375,13.98,5.25,13.39,沪深300ETF,4.663,0.89,5.288,2025-12-24
10009927,500ETF购10月6500,0.8846,13.85,6.5,-0.64,中证500ETF,7.432,2.13,7.385,2025-10-22
10009909,300ETF购10月4300,0.37,13.74,4.3,0.15,沪深300ETF,4.663,0.89,4.67,2025-10-22
10009869,300ETF购12月5000,0.0719,13.05,5.0,8.77,沪深300ETF,4.663,0.89,5.072,2025-12-24
10009944,科创50购10月1200,0.3109,13.05,1.2,-1.25,科创50ETF,1.53,3.73,1.511,2025-10-22
10009891,50ETF购10月2950,0.1416,13.01,2.95,0.64,上证50ETF,3.072,0.59,3.092,2025-10-22
10008872,科创板50购9月1150,0.3299,12.98,1.15,-1.01,科创板50ETF,1.495,3.68,1.48,2025-09-24
10009713,科创板50购3月1250,0.2501,12.96,1.25,0.34,科创板50ETF,1.495,3.68,1.5,2026-03-25
10009797,300ETF购12月4800,0.1229,12.86,4.8,5.57,沪深300ETF,4.663,0.89,4.923,2025-12-24
10009712,科创板50购3月1200,0.2829,12.84,1.2,-0.81,科创板50ETF,1.495,3.68,1.483,2026-03-25
10009761,300ETF购12月4700,0.1613,12.8,4.7,4.25,沪深300ETF,4.663,0.89,4.861,2025-12-24
10009892,50ETF购10月3000,0.1006,12.78,3.0,0.93,上证50ETF,3.072,0.59,3.101,2025-10-22
10009296,科创板50购12月1200,0.2729,12.77,1.2,-1.48,科创板50ETF,1.495,3.68,1.473,2025-12-24
10009694,科创50购3月1200,0.3098,12.65,1.2,-1.32,科创50ETF,1.53,3.73,1.51,2026-03-25
10009631,300ETF购12月4600,0.2067,12.34,4.6,3.08,沪深300ETF,4.663,0.89,4.807,2025-12-24
10008853,科创50购9月1150,0.365,12.31,1.15,-0.98,科创50ETF,1.53,3.73,1.515,2025-09-24
10009609,300ETF购12月4500,0.2649,12.06,4.5,2.19,沪深300ETF,4.663,0.89,4.765,2025-12-24
10009894,50ETF购10月3200,0.0178,11.95,3.2,4.75,上证50ETF,3.072,0.59,3.218,2025-10-22
10009890,50ETF购10月2900,0.1857,11.73,2.9,0.45,上证50ETF,3.072,0.59,3.086,2025-10-22
10008835,500ETF购9月6000,1.422,11.35,6.0,-0.13,中证500ETF,7.432,2.13,7.422,2025-09-24
10008852,科创50购9月1100,0.4175,11.33,1.1,-0.82,科创50ETF,1.53,3.73,1.518,2025-09-24
10009821,300ETF购12月4900,0.0939,11.12,4.9,7.1,沪深300ETF,4.663,0.89,4.994,2025-12-24
10009979,300ETF购10月5000,0.014,11.11,5.0,7.53,沪深300ETF,4.663,0.89,5.014,2025-10-22
10009463,300ETF购9月4300,0.3574,10.99,4.3,-0.12,沪深300ETF,4.663,0.89,4.657,2025-09-24
10008869,科创板50购9月1000,0.4895,10.75,1.0,-0.37,科创板50ETF,1.495,3.68,1.49,2025-09-24
10008871,科创板50购9月1100,0.3784,10.64,1.1,-1.11,科创板50ETF,1.495,3.68,1.478,2025-09-24
10009908,300ETF购10月4200,0.4665,10.55,4.2,0.08,沪深300ETF,4.663,0.89,4.667,2025-10-22
10009943,科创50购10月1150,0.3588,10.4,1.15,-1.39,科创50ETF,1.53,3.73,1.509,2025-10-22
10009278,科创50购12月1200,0.3036,10.4,1.2,-1.73,科创50ETF,1.53,3.73,1.504,2025-12-24
10009481,300ETF购12月4300,0.407,10.39,4.3,0.94,沪深300ETF,4.663,0.89,4.707,2025-12-24
10008891,300ETF购9月4303A,0.352,10.34,4.303,-0.17,沪深300ETF,4.663,0.89,4.655,2025-09-24
10008851,科创50购9月1050,0.4679,10.09,1.05,-0.79,科创50ETF,1.53,3.73,1.518,2025-09-24
10009889,50ETF购10月2850,0.2323,9.99,2.85,0.34,上证50ETF,3.072,0.59,3.082,2025-10-22
10008834,500ETF购9月5750,1.6782,9.9,5.75,-0.05,中证500ETF,7.432,2.13,7.428,2025-09-24
10008870,科创板50购9月1050,0.4305,9.82,1.05,-0.97,科创板50ETF,1.495,3.68,1.481,2025-09-24
10008868,科创板50购9月950,0.5398,9.72,0.95,-0.35,科创板50ETF,1.495,3.68,1.49,2025-09-24
10010021,科创板50购10月1050,0.43,9.69,1.05,-1.0,科创板50ETF,1.495,3.68,1.48,2025-10-22
10009503,300ETF购12月4400,0.3304,9.66,4.4,1.45,沪深300ETF,4.663,0.89,4.73,2025-12-24
10009926,500ETF购10月6250,1.1262,9.66,6.25,-0.75,中证500ETF,7.432,2.13,7.376,2025-10-22
10009480,300ETF购12月4200,0.4892,9.54,4.2,0.56,沪深300ETF,4.663,0.89,4.689,2025-12-24
10008895,50ETF购9月2900,0.1685,9.42,2.9,-0.11,上证50ETF,3.072,0.59,3.069,2025-09-24
10009260,500ETF购12月6500,0.85,9.4,6.5,-1.1,中证500ETF,7.432,2.13,7.35,2025-12-24
10009711,科创板50购3月1150,0.3189,9.21,1.15,-1.75,科创板50ETF,1.495,3.68,1.469,2026-03-25
10008849,科创50购9月950,0.5726,9.07,0.95,-0.48,科创50ETF,1.53,3.73,1.523,2025-09-24
10008867,科创板50购9月900,0.5902,8.89,0.9,-0.32,科创板50ETF,1.495,3.68,1.49,2025-09-24
10009813,50ETF购12月3500,0.0235,8.8,3.5,14.7,上证50ETF,3.072,0.59,3.524,2025-12-24
10009313,300ETF购12月4303A,0.401,8.76,4.303,0.88,沪深300ETF,4.663,0.89,4.704,2025-12-24
10008850,科创50购9月1000,0.5166,8.76,1.0,-0.88,科创50ETF,1.53,3.73,1.517,2025-09-24
10009961,科创板50购10月1100,0.3718,8.71,1.1,-1.55,科创板50ETF,1.495,3.68,1.472,2025-10-22
10010019,科创50购10月1100,0.4074,8.64,1.1,-1.48,科创50ETF,1.53,3.73,1.507,2025-10-22
10008833,500ETF购9月5500,1.9285,8.53,5.5,-0.05,中证500ETF,7.432,2.13,7.429,2025-09-24
10008866,科创板50购9月850,0.642,8.45,0.85,-0.2,科创板50ETF,1.495,3.68,1.492,2025-09-24
10009799,300ETF购3月4800,0.189,8.25,4.8,6.99,沪深300ETF,4.663,0.89,4.989,2026-03-25
10009907,300ETF购10月4100,0.5635,7.95,4.1,0.01,沪深300ETF,4.663,0.89,4.664,2025-10-22
10008819,300ETF购9月4205A,0.45,7.91,4.205,-0.17,沪深300ETF,4.663,0.89,4.655,2025-09-24
10009789,50ETF购12月3400,0.0329,7.87,3.4,11.75,上证50ETF,3.072,0.59,3.433,2025-12-24
10010029,300ETF购3月5250,0.0791,7.77,5.25,14.28,沪深300ETF,4.663,0.89,5.329,2026-03-25
10009657,300ETF购3月4400,0.3838,7.75,4.4,2.59,沪深300ETF,4.663,0.89,4.784,2026-03-25
10009659,300ETF购3月4600,0.2702,7.69,4.6,4.44,沪深300ETF,4.663,0.89,4.87,2026-03-25
10008865,科创板50购9月800,0.6894,7.38,0.8,-0.37,科创板50ETF,1.495,3.68,1.489,2025-09-24
10009658,300ETF购3月4500,0.3236,7.37,4.5,3.44,沪深300ETF,4.663,0.89,4.824,2026-03-25
10009925,500ETF购10月6000,1.3699,7.27,6.0,-0.84,中证500ETF,7.432,2.13,7.37,2025-10-22
10010015,50ETF购10月2800,0.2789,7.06,2.8,0.22,上证50ETF,3.072,0.59,3.079,2025-10-22
10009639,50ETF购3月3000,0.2154,7.0,3.0,4.67,上证50ETF,3.072,0.59,3.215,2026-03-25
10008885,50ETF购9月2850,0.2181,6.91,2.85,-0.13,上证50ETF,3.072,0.59,3.068,2025-09-24
10009295,科创板50购12月1150,0.312,6.85,1.15,-2.21,科创板50ETF,1.495,3.68,1.462,2025-12-24
10009462,300ETF购9月4200,0.4508,6.82,4.2,-0.26,沪深300ETF,4.663,0.89,4.651,2025-09-24
10009215,科创板50购9月750,0.7392,6.82,0.75,-0.39,科创板50ETF,1.495,3.68,1.489,2025-09-24
10008883,科创50购9月800,0.721,6.81,0.8,-0.59,科创50ETF,1.53,3.73,1.521,2025-09-24
10009277,科创50购12月1150,0.347,6.77,1.15,-2.16,科创50ETF,1.53,3.73,1.497,2025-12-24
10009656,300ETF购3月4300,0.4452,6.63,4.3,1.76,沪深300ETF,4.663,0.89,4.745,2026-03-25
10009479,300ETF购12月4100,0.569,6.61,4.1,0.13,沪深300ETF,4.663,0.89,4.669,2025-12-24
10009641,50ETF购3月3200,0.1253,6.55,3.2,8.25,上证50ETF,3.072,0.59,3.325,2026-03-25
10009241,300ETF购12月4009A,0.6539,6.5,4.009,0.0,沪深300ETF,4.663,0.89,4.663,2025-12-24
10008831,500ETF购9月5000,2.425,6.5,5.0,-0.09,中证500ETF,7.432,2.13,7.425,2025-09-24
10008848,科创50购9月900,0.6123,6.49,0.9,-1.16,科创50ETF,1.53,3.73,1.512,2025-09-24
10009654,300ETF购3月4100,0.5911,6.45,4.1,0.6,沪深300ETF,4.663,0.89,4.691,2026-03-25
10009317,50ETF购12月3000,0.1576,6.41,3.0,2.79,上证50ETF,3.072,0.59,3.158,2025-12-24
10009693,科创50购3月1150,0.3458,6.4,1.15,-2.24,科创50ETF,1.53,3.73,1.496,2026-03-25
10009727,50ETF购12月3300,0.0472,6.31,3.3,8.96,上证50ETF,3.072,0.59,3.347,2025-12-24
10009871,300ETF购3月5000,0.1274,6.26,5.0,9.96,沪深300ETF,4.663,0.89,5.127,2026-03-25
10008847,科创50购9月850,0.664,6.24,0.85,-1.05,科创50ETF,1.53,3.73,1.514,2025-09-24
10010017,500ETF购10月5750,1.622,6.22,5.75,-0.81,中证500ETF,7.432,2.13,7.372,2025-10-22
10009205,科创50购9月750,0.7701,6.22,0.75,-0.65,科创50ETF,1.53,3.73,1.52,2025-09-24
10009895,50ETF购10月3300,0.0086,6.17,3.3,7.7,上证50ETF,3.072,0.59,3.309,2025-10-22
10009763,300ETF购3月4700,0.2252,6.13,4.7,5.62,沪深300ETF,4.663,0.89,4.925,2026-03-25
10009243,300ETF购12月4205A,0.4729,6.13,4.205,0.32,沪深300ETF,4.663,0.89,4.678,2025-12-24
10009224,50ETF购12月2850,0.2652,6.12,2.85,1.41,上证50ETF,3.072,0.59,3.115,2025-12-24
10008829,500ETF购9月4800,2.6275,6.08,4.8,-0.06,中证500ETF,7.432,2.13,7.428,2025-09-24
10009225,50ETF购12月2900,0.2254,6.07,2.9,1.74,上证50ETF,3.072,0.59,3.125,2025-12-24
10009637,50ETF购3月2900,0.2744,6.07,2.9,3.33,上证50ETF,3.072,0.59,3.174,2026-03-25
10008800,50ETF购9月2750,0.3224,6.05,2.75,0.01,上证50ETF,3.072,0.59,3.072,2025-09-24
10009655,300ETF购3月4200,0.513,6.01,4.2,1.07,沪深300ETF,4.663,0.89,4.713,2026-03-25
10009497,50ETF购12月3100,0.106,6.0,3.1,4.36,上证50ETF,3.072,0.59,3.206,2025-12-24
10009478,300ETF购12月4000,0.6597,5.98,4.0,-0.07,沪深300ETF,4.663,0.89,4.66,2025-12-24
10009242,300ETF购12月4107A,0.5588,5.91,4.107,0.06,沪深300ETF,4.663,0.89,4.666,2025-12-24
10009623,50ETF购12月3200,0.0702,5.88,3.2,6.45,上证50ETF,3.072,0.59,3.27,2025-12-24
10009823,300ETF购3月4900,0.1547,5.74,4.9,8.4,沪深300ETF,4.663,0.89,5.055,2026-03-25
10009638,50ETF购3月2950,0.2427,5.66,2.95,3.93,上证50ETF,3.072,0.59,3.193,2026-03-25
10008818,300ETF购9月4107A,0.5441,5.65,4.107,-0.26,沪深300ETF,4.663,0.89,4.651,2025-09-24
10009461,300ETF购9月4100,0.5511,5.57,4.1,-0.26,沪深300ETF,4.663,0.89,4.651,2025-09-24
10008801,50ETF购9月2800,0.268,5.51,2.8,-0.13,上证50ETF,3.072,0.59,3.068,2025-09-24
10008832,500ETF购9月5250,2.1377,5.46,5.25,-0.6,中证500ETF,7.432,2.13,7.388,2025-09-24
10010025,300ETF购10月5250,0.0058,5.45,5.25,12.71,沪深300ETF,4.663,0.89,5.256,2025-10-22
10009640,50ETF购3月3100,0.1635,5.42,3.1,6.23,上证50ETF,3.072,0.59,3.264,2026-03-25
10009311,50ETF购12月2950,0.1893,5.4,2.95,2.19,上证50ETF,3.072,0.59,3.139,2025-12-24
10009193,500ETF购9月4700,2.7155,5.37,4.7,-0.22,中证500ETF,7.432,2.13,7.416,2025-09-24
10009222,50ETF购12月2750,0.3498,5.36,2.75,0.9,上证50ETF,3.072,0.59,3.1,2025-12-24
10008817,300ETF购9月4009A,0.6458,5.35,4.009,-0.18,沪深300ETF,4.663,0.89,4.655,2025-09-24
10009635,50ETF购3月2800,0.3484,5.16,2.8,2.49,上证50ETF,3.072,0.59,3.148,2026-03-25
10008830,500ETF购9月4900,2.4996,5.16,4.9,-0.44,中证500ETF,7.432,2.13,7.4,2025-09-24
10009460,300ETF购9月4000,0.6537,5.1,4.0,-0.2,沪深300ETF,4.663,0.89,4.654,2025-09-24
10009729,50ETF购3月3300,0.0945,5.0,3.3,10.5,上证50ETF,3.072,0.59,3.395,2026-03-25
10008799,50ETF购9月2700,0.371,4.8,2.7,-0.03,上证50ETF,3.072,0.59,3.071,2025-09-24
10009223,50ETF购12月2800,0.3052,4.77,2.8,1.08,上证50ETF,3.072,0.59,3.105,2025-12-24
10009815,50ETF购3月3500,0.0576,4.73,3.5,15.81,上证50ETF,3.072,0.59,3.558,2026-03-25
10009294,科创板50购12月1100,0.358,4.68,1.1,-2.47,科创板50ETF,1.495,3.68,1.458,2025-12-24
10008816,300ETF购9月3912A,0.7426,4.59,3.912,-0.18,沪深300ETF,4.663,0.89,4.655,2025-09-24
10009477,300ETF购12月3900,0.755,4.57,3.9,-0.17,沪深300ETF,4.663,0.89,4.655,2025-12-24
10008798,50ETF购9月2650,0.422,4.46,2.65,0.0,上证50ETF,3.072,0.59,3.072,2025-09-24
10009221,50ETF购12月2700,0.396,4.38,2.7,0.78,上证50ETF,3.072,0.59,3.096,2025-12-24
10009276,科创50购12月1100,0.3906,4.16,1.1,-2.58,科创50ETF,1.53,3.73,1.491,2025-12-24
10009674,500ETF购3月6500,0.8092,4.14,6.5,-1.65,中证500ETF,7.432,2.13,7.309,2026-03-25
10009218,50ETF购12月2550,0.5406,4.06,2.55,0.61,上证50ETF,3.072,0.59,3.091,2025-12-24
10009633,50ETF购3月2700,0.425,4.04,2.7,1.73,上证50ETF,3.072,0.59,3.125,2026-03-25
10009220,50ETF购12月2650,0.4415,4.0,2.65,0.63,上证50ETF,3.072,0.59,3.092,2025-12-24
10009653,300ETF购3月4000,0.6609,3.92,4.0,-0.05,沪深300ETF,4.663,0.89,4.661,2026-03-25
10009791,50ETF购3月3400,0.0726,3.86,3.4,13.04,上证50ETF,3.072,0.59,3.473,2026-03-25
10009459,300ETF购9月3900,0.7483,3.64,3.9,-0.32,沪深300ETF,4.663,0.89,4.648,2025-09-24
10009636,50ETF购3月2850,0.3055,3.45,2.85,2.72,上证50ETF,3.072,0.59,3.156,2026-03-25
10008797,50ETF购9月2600,0.4692,3.35,2.6,-0.09,上证50ETF,3.072,0.59,3.069,2025-09-24
10009896,50ETF购10月3400,0.0062,3.33,3.4,10.88,上证50ETF,3.072,0.59,3.406,2025-10-22
10009652,300ETF购3月3900,0.7456,3.27,3.9,-0.37,沪深300ETF,4.663,0.89,4.646,2026-03-25
10008814,300ETF购9月3716A,0.935,3.2,3.716,-0.26,沪深300ETF,4.663,0.89,4.651,2025-09-24
10009163,50ETF购9月2350,0.7256,3.07,2.35,0.12,上证50ETF,3.072,0.59,3.076,2025-09-24
10009475,300ETF购12月3700,0.9499,3.03,3.7,-0.28,沪深300ETF,4.663,0.89,4.65,2025-12-24
10009710,科创板50购3月1100,0.3523,3.01,1.1,-2.86,科创板50ETF,1.495,3.68,1.452,2026-03-25
10009476,300ETF购12月3800,0.8467,3.0,3.8,-0.35,沪深300ETF,4.663,0.89,4.647,2025-12-24
10009455,300ETF购9月3500,1.1556,2.99,3.5,-0.16,沪深300ETF,4.663,0.89,4.656,2025-09-24
10009275,科创50购12月1050,0.4375,2.94,1.05,-2.78,科创50ETF,1.53,3.73,1.488,2025-12-24
10009217,50ETF购12月2500,0.5837,2.89,2.5,0.38,上证50ETF,3.072,0.59,3.084,2025-12-24
10009239,300ETF购12月3814A,0.8304,2.77,3.814,-0.4,沪深300ETF,4.663,0.89,4.644,2025-12-24
10009651,300ETF购3月3800,0.8447,2.76,3.8,-0.39,沪深300ETF,4.663,0.89,4.645,2026-03-25
10009457,300ETF购9月3700,0.9473,2.74,3.7,-0.34,沪深300ETF,4.663,0.89,4.647,2025-09-24
10009456,300ETF购9月3600,1.0499,2.73,3.6,-0.28,沪深300ETF,4.663,0.89,4.65,2025-09-24
10009259,500ETF购12月6250,1.0546,2.69,6.25,-1.71,中证500ETF,7.432,2.13,7.305,2025-12-24
10009482,300ETF沽12月3500,0.0039,2.63,3.5,25.02,沪深300ETF,4.663,0.89,3.496,2025-12-24
10008815,300ETF购9月3814A,0.8292,2.62,3.814,-0.42,沪深300ETF,4.663,0.89,4.643,2025-09-24
10009458,300ETF购9月3800,0.8433,2.59,3.8,-0.42,沪深300ETF,4.663,0.89,4.643,2025-09-24
10009219,50ETF购12月2600,0.4834,2.42,2.6,0.37,上证50ETF,3.072,0.59,3.083,2025-12-24
10008812,300ETF购9月3520A,1.1286,2.41,3.52,-0.31,沪深300ETF,4.663,0.89,4.649,2025-09-24
10008795,50ETF购9月2500,0.5671,2.36,2.5,-0.16,上证50ETF,3.072,0.59,3.067,2025-09-24
10008811,300ETF购9月3423A,1.2266,2.3,3.423,-0.29,沪深300ETF,4.663,0.89,4.65,2025-09-24
10008796,50ETF购9月2550,0.5148,2.14,2.55,-0.23,上证50ETF,3.072,0.59,3.065,2025-09-24
10009274,科创50购12月1000,0.4849,2.08,1.0,-2.95,科创50ETF,1.53,3.73,1.485,2025-12-24
10008813,300ETF购9月3618A,1.0237,1.96,3.618,-0.46,沪深300ETF,4.663,0.89,4.642,2025-09-24
10009692,科创50购3月1100,0.3816,1.76,1.1,-3.16,科创50ETF,1.53,3.73,1.482,2026-03-25
10008794,50ETF购9月2450,0.6146,1.75,2.45,-0.24,上证50ETF,3.072,0.59,3.065,2025-09-24
10008793,50ETF购9月2400,0.6647,1.64,2.4,-0.24,上证50ETF,3.072,0.59,3.065,2025-09-24
10009226,50ETF沽12月2500,0.0063,1.61,2.5,18.82,上证50ETF,3.072,0.59,2.494,2025-12-24
10009237,300ETF购12月3618A,1.0201,1.6,3.618,-0.53,沪深300ETF,4.663,0.89,4.638,2025-12-24
10009293,科创板50购12月1050,0.3981,1.56,1.05,-3.14,科创板50ETF,1.495,3.68,1.448,2025-12-24
10009291,科创板50购12月950,0.4985,1.32,0.95,-3.11,科创板50ETF,1.495,3.68,1.449,2025-12-24
10009755,300ETF购3月3700,0.9334,1.24,3.7,-0.63,沪深300ETF,4.663,0.89,4.633,2026-03-25
10009179,300ETF购9月3227A,1.41,1.08,3.227,-0.56,沪深300ETF,4.663,0.89,4.637,2025-09-24
10009180,300ETF购9月3325A,1.31,1.0,3.325,-0.6,沪深300ETF,4.663,0.89,4.635,2025-09-24
10009292,科创板50购12月1000,0.4455,0.79,1.0,-3.31,科创板50ETF,1.495,3.68,1.446,2025-12-24
10009271,科创50购12月850,0.6297,0.75,0.85,-3.29,科创50ETF,1.53,3.73,1.48,2025-12-24
10009273,科创50购12月950,0.5289,0.74,0.95,-3.34,科创50ETF,1.53,3.73,1.479,2025-12-24
10009236,300ETF购12月3520A,1.11,0.73,3.52,-0.71,沪深300ETF,4.663,0.89,4.63,2025-12-24
10009321,科创50购12月800,0.6799,0.73,0.8,-3.27,科创50ETF,1.53,3.73,1.48,2025-12-24
10009473,300ETF购12月3500,1.1294,0.66,3.5,-0.72,沪深300ETF,4.663,0.89,4.629,2025-12-24
10009258,500ETF购12月6000,1.2834,0.5,6.0,-2.0,中证500ETF,7.432,2.13,7.283,2025-12-24
10009272,科创50购12月900,0.5765,0.26,0.9,-3.5,科创50ETF,1.53,3.73,1.477,2025-12-24
10009691,科创50购3月1050,0.426,0.24,1.05,-3.53,科创50ETF,1.53,3.73,1.476,2026-03-25
10009290,科创板50购12月900,0.543,0.18,0.9,-3.48,科创板50ETF,1.495,3.68,1.443,2025-12-24
10008876,科创板50沽9月900,0.0001,0.0,0.9,39.81,科创板50ETF,1.495,3.68,0.9,2025-09-24
10009466,300ETF沽9月3700,0.0001,0.0,3.7,20.65,沪深300ETF,4.663,0.89,3.7,2025-09-24
10008877,科创板50沽9月950,0.0001,0.0,0.95,36.46,科创板50ETF,1.495,3.68,0.95,2025-09-24
10008838,500ETF沽9月4800,0.0001,0.0,4.8,35.42,中证500ETF,7.432,2.13,4.8,2025-09-24
10009194,500ETF沽9月4700,0.0001,0.0,4.7,36.76,中证500ETF,7.432,2.13,4.7,2025-09-24
10008859,科创50沽9月1000,0.0001,0.0,1.0,34.65,科创50ETF,1.53,3.73,1.0,2025-09-24
10008858,科创50沽9月950,0.0001,0.0,0.95,37.92,科创50ETF,1.53,3.73,0.95,2025-09-24
10008823,300ETF沽9月3716A,0.0001,0.0,3.716,20.31,沪深300ETF,4.663,0.89,3.716,2025-09-24
10008882,科创板50沽9月1200,0.0001,0.0,1.2,19.74,科创板50ETF,1.495,3.68,1.2,2025-09-24
10008803,50ETF沽9月2450,0.0001,0.0,2.45,20.25,上证50ETF,3.072,0.59,2.45,2025-09-24
10009299,科创板50沽12月900,0.0055,0.0,0.9,40.17,科创板50ETF,1.495,3.68,0.895,2025-12-24
10008857,科创50沽9月900,0.0001,0.0,0.9,41.18,科创50ETF,1.53,3.73,0.9,2025-09-24
10008875,科创板50沽9月850,0.0001,0.0,0.85,43.15,科创板50ETF,1.495,3.68,0.85,2025-09-24
10008856,科创50沽9月850,0.0001,0.0,0.85,44.45,科创50ETF,1.53,3.73,0.85,2025-09-24
10008874,科创板50沽9月800,0.0001,0.0,0.8,46.49,科创板50ETF,1.495,3.68,0.8,2025-09-24
10009981,科创50购9月1600,0.0001,0.0,1.6,4.58,科创50ETF,1.53,3.73,1.6,2025-09-24
10009216,科创板50沽9月750,0.0001,0.0,0.75,49.84,科创板50ETF,1.495,3.68,0.75,2025-09-24
10008884,科创50沽9月800,0.0001,0.0,0.8,47.72,科创50ETF,1.53,3.73,0.8,2025-09-24
10009322,科创50沽12月800,0.0015,0.0,0.8,47.81,科创50ETF,1.53,3.73,0.799,2025-12-24
10008839,500ETF沽9月4900,0.0001,0.0,4.9,34.07,中证500ETF,7.432,2.13,4.9,2025-09-24
10008860,科创50沽9月1050,0.0001,0.0,1.05,31.38,科创50ETF,1.53,3.73,1.05,2025-09-24
10008878,科创板50沽9月1000,0.0001,0.0,1.0,33.12,科创板50ETF,1.495,3.68,1.0,2025-09-24
10008863,科创50沽9月1200,0.0001,0.0,1.2,21.58,科创50ETF,1.53,3.73,1.2,2025-09-24
10009464,300ETF沽9月3500,0.0001,0.0,3.5,24.94,沪深300ETF,4.663,0.89,3.5,2025-09-24
10008862,科创50沽9月1150,0.0001,0.0,1.15,24.84,科创50ETF,1.53,3.73,1.15,2025-09-24
10009245,300ETF沽12月3520A,0.004,0.0,3.52,24.6,沪深300ETF,4.663,0.89,3.516,2025-12-24
10008842,500ETF沽9月5500,0.0001,0.0,5.5,26.0,中证500ETF,7.432,2.13,5.5,2025-09-24
10009634,50ETF购3月2750,0.368,0.0,2.75,1.5,上证50ETF,3.072,0.59,3.118,2026-03-25
10009164,50ETF沽9月2350,0.0001,0.0,2.35,23.51,上证50ETF,3.072,0.59,2.35,2025-09-24
10008880,科创板50沽9月1100,0.0001,0.0,1.1,26.43,科创板50ETF,1.495,3.68,1.1,2025-09-24
10008820,300ETF沽9月3423A,0.0001,0.0,3.423,26.59,沪深300ETF,4.663,0.89,3.423,2025-09-24
10008881,科创板50沽9月1150,0.0001,0.0,1.15,23.08,科创板50ETF,1.495,3.68,1.15,2025-09-24
10008861,科创50沽9月1100,0.0001,0.0,1.1,28.11,科创50ETF,1.53,3.73,1.1,2025-09-24
10009182,300ETF沽9月3325A,0.0001,0.0,3.325,28.7,沪深300ETF,4.663,0.89,3.325,2025-09-24
10008841,500ETF沽9月5250,0.0001,0.0,5.25,29.36,中证500ETF,7.432,2.13,5.25,2025-09-24
10009465,300ETF沽9月3600,0.0001,0.0,3.6,22.8,沪深300ETF,4.663,0.89,3.6,2025-09-24
10008879,科创板50沽9月1050,0.0001,0.0,1.05,29.77,科创板50ETF,1.495,3.68,1.05,2025-09-24
10008843,500ETF沽9月5750,0.0001,0.0,5.75,22.63,中证500ETF,7.432,2.13,5.75,2025-09-24
10008822,300ETF沽9月3618A,0.0001,0.0,3.618,22.41,沪深300ETF,4.663,0.89,3.618,2025-09-24
10009181,300ETF沽9月3227A,0.0001,0.0,3.227,30.8,沪深300ETF,4.663,0.89,3.227,2025-09-24
10008802,50ETF沽9月2400,0.0001,0.0,2.4,21.88,上证50ETF,3.072,0.59,2.4,2025-09-24
10008840,500ETF沽9月5000,0.0001,0.0,5.0,32.72,中证500ETF,7.432,2.13,5.0,2025-09-24
10008844,500ETF沽9月6000,0.0001,0.0,6.0,19.27,中证500ETF,7.432,2.13,6.0,2025-09-24
10009206,科创50沽9月750,0.0001,0.0,0.75,50.99,科创50ETF,1.53,3.73,0.75,2025-09-24
10008886,50ETF沽9月2850,0.0001,0.0,2.85,7.23,上证50ETF,3.072,0.59,2.85,2025-09-24
10009472,300ETF沽9月4300,0.0001,0.0,4.3,7.79,沪深300ETF,4.663,0.89,4.3,2025-09-24
10008809,50ETF沽9月2750,0.0001,0.0,2.75,10.49,上证50ETF,3.072,0.59,2.75,2025-09-24
10009471,300ETF沽9月4200,0.0001,0.0,4.2,9.93,沪深300ETF,4.663,0.89,4.2,2025-09-24
10009469,300ETF沽9月4000,0.0001,0.0,4.0,14.22,沪深300ETF,4.663,0.89,4.0,2025-09-24
10010039,科创板50购9月1650,0.0001,0.0,1.65,10.37,科创板50ETF,1.495,3.68,1.65,2025-09-24
10009982,科创50购9月1650,0.0001,0.0,1.65,7.85,科创50ETF,1.53,3.73,1.65,2025-09-24
10008805,50ETF沽9月2550,0.0001,0.0,2.55,17.0,上证50ETF,3.072,0.59,2.55,2025-09-24
10008827,300ETF沽9月4107A,0.0001,0.0,4.107,11.93,沪深300ETF,4.663,0.89,4.107,2025-09-24
10008892,300ETF沽9月4303A,0.0001,0.0,4.303,7.72,沪深300ETF,4.663,0.89,4.303,2025-09-24
10009502,300ETF沽9月4400,0.0001,0.0,4.4,5.64,沪深300ETF,4.663,0.89,4.4,2025-09-24
10008894,科创50沽9月1300,0.0001,0.0,1.3,15.04,科创50ETF,1.53,3.73,1.3,2025-09-24
10008806,50ETF沽9月2600,0.0001,0.0,2.6,15.37,上证50ETF,3.072,0.59,2.6,2025-09-24
10009725,50ETF购9月3300,0.0001,0.0,3.3,7.43,上证50ETF,3.072,0.59,3.3,2025-09-24
10009867,300ETF购9月5000,0.0001,0.0,5.0,7.23,沪深300ETF,4.663,0.89,5.0,2025-09-24
10008845,500ETF沽9月6250,0.0001,0.0,6.25,15.91,中证500ETF,7.432,2.13,6.25,2025-09-24
10008825,300ETF沽9月3912A,0.0001,0.0,3.912,16.11,沪深300ETF,4.663,0.89,3.912,2025-09-24
10009997,科创板50购9月1600,0.0001,0.0,1.6,7.03,科创板50ETF,1.495,3.68,1.6,2025-09-24
10009787,50ETF购9月3400,0.0001,0.0,3.4,10.68,上证50ETF,3.072,0.59,3.4,2025-09-24
10008826,300ETF沽9月4009A,0.0001,0.0,4.009,14.03,沪深300ETF,4.663,0.89,4.009,2025-09-24
10009811,50ETF购9月3500,0.0001,0.0,3.5,13.94,上证50ETF,3.072,0.59,3.5,2025-09-24
10009470,300ETF沽9月4100,0.0001,0.0,4.1,12.08,沪深300ETF,4.663,0.89,4.1,2025-09-24
10008808,50ETF沽9月2700,0.0001,0.0,2.7,12.11,上证50ETF,3.072,0.59,2.7,2025-09-24
10010031,科创50购9月1700,0.0001,0.0,1.7,11.12,科创50ETF,1.53,3.73,1.7,2025-09-24
10010023,300ETF购9月5250,0.0001,0.0,5.25,12.59,沪深300ETF,4.663,0.89,5.25,2025-09-24
10008804,50ETF沽9月2500,0.0001,0.0,2.5,18.62,上证50ETF,3.072,0.59,2.5,2025-09-24
10009467,300ETF沽9月3800,0.0001,0.0,3.8,18.51,沪深300ETF,4.663,0.89,3.8,2025-09-24
10008810,50ETF沽9月2800,0.0001,0.0,2.8,8.86,上证50ETF,3.072,0.59,2.8,2025-09-24
10008864,科创50沽9月1250,0.0001,0.0,1.25,18.31,科创50ETF,1.53,3.73,1.25,2025-09-24
10008828,300ETF沽9月4205A,0.0001,0.0,4.205,9.82,沪深300ETF,4.663,0.89,4.205,2025-09-24
10009468,300ETF沽9月3900,0.0001,0.0,3.9,16.37,沪深300ETF,4.663,0.89,3.9,2025-09-24
10008896,50ETF沽9月2900,0.0001,0.0,2.9,5.6,上证50ETF,3.072,0.59,2.9,2025-09-24
10008807,50ETF沽9月2650,0.0001,0.0,2.65,13.74,上证50ETF,3.072,0.59,2.65,2025-09-24
10009235,300ETF购12月3423A,1.198,-0.08,3.423,-0.9,沪深300ETF,4.663,0.89,4.621,2025-12-24
10009257,500ETF购12月5750,1.5177,-0.61,5.75,-2.21,中证500ETF,7.432,2.13,7.268,2025-12-24
10009319,科创板50购12月800,0.637,-0.78,0.8,-3.88,科创板50ETF,1.495,3.68,1.437,2025-12-24
10009256,500ETF购12月5500,1.758,-1.07,5.5,-2.34,中证500ETF,7.432,2.13,7.258,2025-12-24
10009238,300ETF购12月3716A,0.8959,-1.11,3.716,-1.1,沪深300ETF,4.663,0.89,4.612,2025-12-24
10009240,300ETF购12月3912A,0.6976,-1.75,3.912,-1.15,沪深300ETF,4.663,0.89,4.61,2025-12-24
10009897,50ETF购10月3500,0.0053,-1.85,3.5,14.1,上证50ETF,3.072,0.59,3.505,2025-10-22
10009307,500ETF购12月4800,2.43,-1.9,4.8,-2.72,中证500ETF,7.432,2.13,7.23,2025-12-24
10009254,500ETF购12月5000,2.2318,-1.99,5.0,-2.69,中证500ETF,7.432,2.13,7.232,2025-12-24
10009474,300ETF购12月3600,1.0007,-2.08,3.6,-1.34,沪深300ETF,4.663,0.89,4.601,2025-12-24
10009690,科创50购3月1000,0.4633,-2.46,1.0,-4.36,科创50ETF,1.53,3.73,1.463,2026-03-25
10009707,科创板50购3月950,0.4789,-2.66,0.95,-4.42,科创板50ETF,1.495,3.68,1.429,2026-03-25
10009255,500ETF购12月5250,1.9721,-2.71,5.25,-2.82,中证500ETF,7.432,2.13,7.222,2025-12-24
10009253,500ETF购12月4900,2.3101,-2.81,4.9,-2.99,中证500ETF,7.432,2.13,7.21,2025-12-24
10009687,科创50购3月850,0.606,-3.04,0.85,-4.84,科创50ETF,1.53,3.73,1.456,2026-03-25
10009688,科创50购3月900,0.5563,-3.25,0.9,-4.82,科创50ETF,1.53,3.73,1.456,2026-03-25
10009689,科创50购3月950,0.5069,-3.45,0.95,-4.78,科创50ETF,1.53,3.73,1.457,2026-03-25
10009289,科创板50购12月850,0.5715,-3.46,0.85,-4.92,科创板50ETF,1.495,3.68,1.422,2025-12-24
10009816,50ETF沽3月3500,0.453,-3.51,3.5,0.81,上证50ETF,3.072,0.59,3.047,2026-03-25
10009814,50ETF沽12月3500,0.4334,-3.69,3.5,0.18,上证50ETF,3.072,0.59,3.067,2025-12-24
10009708,科创板50购3月1000,0.4257,-3.69,1.0,-4.64,科创板50ETF,1.495,3.68,1.426,2026-03-25
10009673,500ETF购3月6250,0.9848,-4.11,6.25,-2.65,中证500ETF,7.432,2.13,7.235,2026-03-25
10009812,50ETF沽9月3500,0.4309,-4.12,3.5,0.09,上证50ETF,3.072,0.59,3.069,2025-09-24
10009280,科创50沽12月850,0.0022,-4.35,0.85,44.59,科创50ETF,1.53,3.73,0.848,2025-12-24
10010030,300ETF沽3月5250,0.6964,-4.42,5.25,2.35,沪深300ETF,4.663,0.89,4.554,2026-03-25
10009705,科创板50购3月850,0.5654,-4.49,0.85,-5.32,科创板50ETF,1.495,3.68,1.415,2026-03-25
10009792,50ETF沽3月3400,0.3668,-4.5,3.4,1.26,上证50ETF,3.072,0.59,3.033,2026-03-25
10009906,50ETF沽10月3500,0.4288,-4.61,3.5,0.03,上证50ETF,3.072,0.59,3.071,2025-10-22
10009650,50ETF沽3月3200,0.2237,-4.73,3.2,3.12,上证50ETF,3.072,0.59,2.976,2026-03-25
10009709,科创板50购3月1050,0.3733,-4.77,1.05,-4.8,科创板50ETF,1.495,3.68,1.423,2026-03-25
10009788,50ETF沽9月3400,0.3315,-5.15,3.4,0.11,上证50ETF,3.072,0.59,3.069,2025-09-24
10009790,50ETF沽12月3400,0.3446,-5.15,3.4,0.54,上证50ETF,3.072,0.59,3.055,2025-12-24
10009649,50ETF沽3月3100,0.1653,-5.16,3.1,4.47,上证50ETF,3.072,0.59,2.935,2026-03-25
10009697,科创50沽3月900,0.0091,-5.21,0.9,41.77,科创50ETF,1.53,3.73,0.891,2026-03-25
10009730,50ETF沽3月3300,0.2916,-5.48,3.3,2.07,上证50ETF,3.072,0.59,3.008,2026-03-25
10010028,300ETF沽12月5250,0.6386,-5.55,5.25,1.11,沪深300ETF,4.663,0.89,4.611,2025-12-24
10010024,300ETF沽9月5250,0.5965,-5.56,5.25,0.2,沪深300ETF,4.663,0.89,4.654,2025-09-24
10009642,50ETF沽3月2700,0.0317,-5.65,2.7,13.14,上证50ETF,3.072,0.59,2.668,2026-03-25
10009728,50ETF沽12月3300,0.2629,-5.67,3.3,1.14,上证50ETF,3.072,0.59,3.037,2025-12-24
10009905,50ETF沽10月3400,0.3301,-5.82,3.4,0.07,上证50ETF,3.072,0.59,3.07,2025-10-22
10009643,50ETF沽3月2750,0.04,-5.88,2.75,11.78,上证50ETF,3.072,0.59,2.71,2026-03-25
10009672,500ETF购3月6000,1.196,-6.34,6.0,-3.18,中证500ETF,7.432,2.13,7.196,2026-03-25
10009244,300ETF沽12月3423A,0.0029,-6.45,3.423,26.65,沪深300ETF,4.663,0.89,3.42,2025-12-24
10009872,300ETF沽3月5000,0.4948,-6.64,5.0,3.38,沪深300ETF,4.663,0.89,4.505,2026-03-25
10010026,300ETF沽10月5250,0.595,-6.78,5.25,0.17,沪深300ETF,4.663,0.89,4.655,2025-10-22
10009824,300ETF沽3月4900,0.4225,-6.94,4.9,3.98,沪深300ETF,4.663,0.89,4.478,2026-03-25
10009726,50ETF沽9月3300,0.2312,-7.07,3.3,0.1,上证50ETF,3.072,0.59,3.069,2025-09-24
10009281,科创50沽12月900,0.0026,-7.14,0.9,41.35,科创50ETF,1.53,3.73,0.897,2025-12-24
10009647,50ETF沽3月2950,0.0943,-7.19,2.95,7.04,上证50ETF,3.072,0.59,2.856,2026-03-25
10009648,50ETF沽3月3000,0.1144,-7.44,3.0,6.07,上证50ETF,3.072,0.59,2.886,2026-03-25
10009904,50ETF沽10月3300,0.2326,-7.59,3.3,0.15,上证50ETF,3.072,0.59,3.067,2025-10-22
10009644,50ETF沽3月2800,0.0493,-7.68,2.8,10.46,上证50ETF,3.072,0.59,2.751,2026-03-25
10009483,300ETF沽12月3600,0.0048,-7.69,3.6,22.9,沪深300ETF,4.663,0.89,3.595,2025-12-24
10009669,500ETF购3月5250,1.8632,-8.08,5.25,-4.29,中证500ETF,7.432,2.13,7.113,2026-03-25
10009800,300ETF沽3月4800,0.3557,-8.09,4.8,4.69,沪深300ETF,4.663,0.89,4.444,2026-03-25
10009696,科创50沽3月850,0.0067,-8.22,0.85,44.88,科创50ETF,1.53,3.73,0.843,2026-03-25
10010046,科创板50沽3月1650,0.3246,-8.23,1.65,11.34,科创板50ETF,1.495,3.68,1.325,2026-03-25
10009624,50ETF沽12月3200,0.1836,-8.34,3.2,1.81,上证50ETF,3.072,0.59,3.016,2025-12-24
10009670,500ETF购3月5500,1.6284,-8.36,5.5,-4.09,中证500ETF,7.432,2.13,7.128,2026-03-25
10009646,50ETF沽3月2900,0.0761,-8.42,2.9,8.08,上证50ETF,3.072,0.59,2.824,2026-03-25
10009228,50ETF沽12月2600,0.0087,-8.42,2.6,15.65,上证50ETF,3.072,0.59,2.591,2025-12-24
10009870,300ETF沽12月5000,0.4151,-8.51,5.0,1.67,沪深300ETF,4.663,0.89,4.585,2025-12-24
10009645,50ETF沽3月2850,0.0613,-8.64,2.85,9.22,上证50ETF,3.072,0.59,2.789,2026-03-25
10009764,300ETF沽3月4700,0.297,-8.7,4.7,5.58,沪深300ETF,4.663,0.89,4.403,2026-03-25
10009320,科创板50沽12月800,0.002,-9.09,0.8,46.62,科创板50ETF,1.495,3.68,0.798,2025-12-24
10009246,300ETF沽12月3618A,0.005,-9.09,3.618,22.52,沪深300ETF,4.663,0.89,3.613,2025-12-24
10009671,500ETF购3月5750,1.3872,-9.16,5.75,-3.97,中证500ETF,7.432,2.13,7.137,2026-03-25
10009498,50ETF沽12月3100,0.1218,-9.17,3.1,3.05,上证50ETF,3.072,0.59,2.978,2025-12-24
10009992,科创50沽12月1650,0.2492,-9.25,1.65,8.44,科创50ETF,1.53,3.73,1.401,2025-12-24
10009229,50ETF沽12月2650,0.0107,-9.32,2.65,14.09,上证50ETF,3.072,0.59,2.639,2025-12-24
10009822,300ETF沽12月4900,0.3415,-9.63,4.9,2.24,沪深300ETF,4.663,0.89,4.559,2025-12-24
10009699,科创50沽3月1000,0.0177,-9.69,1.0,35.8,科创50ETF,1.53,3.73,0.982,2026-03-25
10009668,300ETF沽3月4600,0.242,-9.7,4.6,6.54,沪深300ETF,4.663,0.89,4.358,2026-03-25
10010038,科创50沽3月1700,0.3347,-9.78,1.7,10.76,科创50ETF,1.53,3.73,1.365,2026-03-25
10009247,300ETF沽12月3716A,0.0073,-9.88,3.716,20.47,沪深300ETF,4.663,0.89,3.709,2025-12-24
10009485,300ETF沽12月3800,0.01,-9.91,3.8,18.72,沪深300ETF,4.663,0.89,3.79,2025-12-24
10009667,300ETF沽3月4500,0.196,-10.09,4.5,7.7,沪深300ETF,4.663,0.89,4.304,2026-03-25
10009995,科创50沽3月1600,0.2623,-10.14,1.6,12.57,科创50ETF,1.53,3.73,1.338,2026-03-25
10009868,300ETF沽9月5000,0.3421,-10.19,5.0,0.11,沪深300ETF,4.663,0.89,4.658,2025-09-24
10009716,科创板50沽3月950,0.0149,-10.24,0.95,37.45,科创板50ETF,1.495,3.68,0.935,2026-03-25
10009714,科创板50沽3月850,0.007,-10.26,0.85,43.61,科创板50ETF,1.495,3.68,0.843,2026-03-25
10009756,300ETF沽3月3700,0.0215,-10.42,3.7,21.11,沪深300ETF,4.663,0.89,3.679,2026-03-25
10009798,300ETF沽12月4800,0.2727,-10.53,4.8,2.91,沪深300ETF,4.663,0.89,4.527,2025-12-24
10009308,500ETF沽12月4800,0.0059,-10.61,4.8,35.49,中证500ETF,7.432,2.13,4.794,2025-12-24
10009996,科创50沽3月1650,0.298,-10.62,1.65,11.63,科创50ETF,1.53,3.73,1.352,2026-03-25
10010036,科创50沽12月1700,0.2792,-10.66,1.7,7.14,科创50ETF,1.53,3.73,1.421,2025-12-24
10010006,科创板50沽3月1600,0.2815,-10.72,1.6,11.81,科创板50ETF,1.495,3.68,1.319,2026-03-25
10009666,300ETF沽3月4400,0.1562,-10.74,4.4,8.99,沪深300ETF,4.663,0.89,4.244,2026-03-25
10009864,科创板50沽3月1500,0.2169,-10.89,1.5,14.17,科创板50ETF,1.495,3.68,1.283,2026-03-25
10009230,50ETF沽12月2700,0.0139,-10.9,2.7,12.56,上证50ETF,3.072,0.59,2.686,2025-12-24
10009661,300ETF沽3月3900,0.04,-10.91,3.9,17.22,沪深300ETF,4.663,0.89,3.86,2026-03-25
10009318,50ETF沽12月3000,0.0742,-10.92,3.0,4.76,上证50ETF,3.072,0.59,2.926,2025-12-24
10009312,50ETF沽12月2950,0.056,-10.97,2.95,5.79,上证50ETF,3.072,0.59,2.894,2025-12-24
10009980,300ETF沽10月5000,0.3541,-11.01,5.0,0.37,沪深300ETF,4.663,0.89,4.646,2025-10-22
10009888,科创板50沽3月1550,0.2476,-11.03,1.55,12.88,科创板50ETF,1.495,3.68,1.302,2026-03-25
10009664,300ETF沽3月4200,0.0937,-11.1,4.2,11.94,沪深300ETF,4.663,0.89,4.106,2026-03-25
10009298,科创板50沽12月850,0.0024,-11.11,0.85,43.3,科创板50ETF,1.495,3.68,0.848,2025-12-24
10009715,科创板50沽3月900,0.0103,-11.21,0.9,40.49,科创板50ETF,1.495,3.68,0.89,2026-03-25
10009778,科创板50沽3月1350,0.1307,-11.21,1.35,18.44,科创板50ETF,1.495,3.68,1.219,2026-03-25
10009662,300ETF沽3月4000,0.0537,-11.24,4.0,15.37,沪深300ETF,4.663,0.89,3.946,2026-03-25
10009740,科创板50沽3月1300,0.1086,-11.35,1.3,20.31,科创板50ETF,1.495,3.68,1.191,2026-03-25
10009717,科创板50沽3月1000,0.0215,-11.52,1.0,34.55,科创板50ETF,1.495,3.68,0.979,2026-03-25
10009863,科创板50沽3月1450,0.1856,-11.53,1.45,15.42,科创板50ETF,1.495,3.68,1.264,2026-03-25
10009991,科创50沽12月1600,0.207,-11.58,1.6,8.95,科创50ETF,1.53,3.73,1.393,2025-12-24
10009784,科创50沽3月1400,0.1402,-11.6,1.4,17.66,科创50ETF,1.53,3.73,1.26,2026-03-25
10009665,300ETF沽3月4300,0.1207,-11.64,4.3,10.37,沪深300ETF,4.663,0.89,4.179,2026-03-25
10009262,500ETF沽12月4900,0.0067,-11.84,4.9,34.16,中证500ETF,7.432,2.13,4.893,2025-12-24
10009660,300ETF沽3月3800,0.029,-11.85,3.8,19.13,沪深300ETF,4.663,0.89,3.771,2026-03-25
10009880,科创50沽3月1550,0.2277,-11.88,1.55,13.58,科创50ETF,1.53,3.73,1.322,2026-03-25
10009233,50ETF沽12月2850,0.031,-11.93,2.85,8.24,上证50ETF,3.072,0.59,2.819,2025-12-24
10009700,科创50沽3月1050,0.0247,-12.1,1.05,32.99,科创50ETF,1.53,3.73,1.025,2026-03-25
10009848,科创50沽3月1500,0.1955,-12.1,1.5,14.74,科创50ETF,1.53,3.73,1.305,2026-03-25
10009282,科创50沽12月950,0.0036,-12.2,0.95,38.14,科创50ETF,1.53,3.73,0.946,2025-12-24
10009234,50ETF沽12月2900,0.0423,-12.24,2.9,6.98,上证50ETF,3.072,0.59,2.858,2025-12-24
10010014,500ETF沽3月8250,1.2938,-12.28,8.25,6.4,中证500ETF,7.432,2.13,6.956,2026-03-25
10009903,50ETF沽10月3200,0.141,-12.37,3.2,0.42,上证50ETF,3.072,0.59,3.059,2025-10-22
10009808,科创板50沽3月1400,0.158,-12.37,1.4,16.92,科创板50ETF,1.495,3.68,1.242,2026-03-25
10009663,300ETF沽3月4100,0.0707,-12.39,4.1,13.59,沪深300ETF,4.663,0.89,4.029,2026-03-25
10010004,科创板50沽12月1600,0.2306,-12.42,1.6,8.4,科创板50ETF,1.495,3.68,1.369,2025-12-24
10009762,300ETF沽12月4700,0.2101,-12.46,4.7,3.71,沪深300ETF,4.663,0.89,4.49,2025-12-24
10009722,科创板50沽3月1250,0.0866,-12.79,1.25,22.18,科创板50ETF,1.495,3.68,1.163,2026-03-25
10009232,50ETF沽12月2800,0.0231,-12.83,2.8,9.61,上证50ETF,3.072,0.59,2.777,2025-12-24
10009248,300ETF沽12月3814A,0.0101,-12.93,3.814,18.42,沪深300ETF,4.663,0.89,3.804,2025-12-24
10009484,300ETF沽12月3700,0.0067,-12.99,3.7,20.8,沪深300ETF,4.663,0.89,3.693,2025-12-24
10009227,50ETF沽12月2550,0.0067,-12.99,2.55,17.21,上证50ETF,3.072,0.59,2.543,2025-12-24
10009622,50ETF沽9月3200,0.1307,-13.04,3.2,0.09,上证50ETF,3.072,0.59,3.069,2025-09-24
10009820,300ETF沽9月4900,0.2441,-13.13,4.9,0.15,沪深300ETF,4.663,0.89,4.656,2025-09-24
10009878,科创50沽12月1550,0.1721,-13.21,1.55,9.94,科创50ETF,1.53,3.73,1.378,2025-12-24
10009847,科创50沽3月1450,0.168,-13.22,1.45,16.21,科创50ETF,1.53,3.73,1.282,2026-03-25
10009249,300ETF沽12月3912A,0.0144,-13.25,3.912,16.41,沪深300ETF,4.663,0.89,3.898,2025-12-24
10009721,科创板50沽3月1200,0.0674,-13.26,1.2,24.24,科创板50ETF,1.495,3.68,1.133,2026-03-25
10009734,科创50沽3月1300,0.094,-13.28,1.3,21.18,科创50ETF,1.53,3.73,1.206,2026-03-25
10009720,科创板50沽3月1150,0.0511,-13.39,1.15,26.49,科创板50ETF,1.495,3.68,1.099,2026-03-25
10009231,50ETF沽12月2750,0.0179,-13.53,2.75,11.06,上证50ETF,3.072,0.59,2.732,2025-12-24
10010012,500ETF沽12月8250,1.0828,-13.55,8.25,3.56,中证500ETF,7.432,2.13,7.167,2025-12-24
10009860,科创板50沽12月1500,0.1625,-13.56,1.5,10.54,科创板50ETF,1.495,3.68,1.338,2025-12-24
10009306,科创板50沽12月1250,0.0459,-13.56,1.25,19.46,科创板50ETF,1.495,3.68,1.204,2025-12-24
10009832,500ETF沽3月8000,1.0899,-13.68,8.0,7.02,中证500ETF,7.432,2.13,6.91,2026-03-25
10009754,科创50沽3月1350,0.1159,-13.7,1.35,19.34,科创50ETF,1.53,3.73,1.234,2026-03-25
10009486,300ETF沽12月3900,0.0137,-13.84,3.9,16.66,沪深300ETF,4.663,0.89,3.886,2025-12-24
10009300,科创板50沽12月950,0.0049,-14.04,0.95,36.78,科创板50ETF,1.495,3.68,0.945,2025-12-24
10009719,科创板50沽3月1100,0.0397,-14.07,1.1,29.08,科创板50ETF,1.495,3.68,1.06,2026-03-25
10009844,科创50沽12月1500,0.1405,-14.07,1.5,11.14,科创50ETF,1.53,3.73,1.36,2025-12-24
10009718,科创板50沽3月1050,0.0293,-14.08,1.05,31.73,科创板50ETF,1.495,3.68,1.021,2026-03-25
10009886,科创板50沽12月1550,0.1944,-14.25,1.55,9.32,科创板50ETF,1.495,3.68,1.356,2025-12-24
10010008,500ETF沽9月8250,0.8464,-14.34,8.25,0.38,中证500ETF,7.432,2.13,7.404,2025-09-24
10009701,科创50沽3月1100,0.0334,-14.36,1.1,30.29,科创50ETF,1.53,3.73,1.067,2026-03-25
10009704,科创50沽3月1250,0.0747,-14.43,1.25,23.18,科创50ETF,1.53,3.73,1.175,2026-03-25
10009698,科创50沽3月950,0.0124,-14.48,0.95,38.72,科创50ETF,1.53,3.73,0.938,2026-03-25
10009924,300ETF沽10月4900,0.2595,-14.58,4.9,0.48,沪深300ETF,4.663,0.89,4.641,2025-10-22
10009302,科创板50沽12月1050,0.0105,-14.63,1.05,30.47,科创板50ETF,1.495,3.68,1.04,2025-12-24
10009250,300ETF沽12月4009A,0.0203,-14.71,4.009,14.46,沪深300ETF,4.663,0.89,3.989,2025-12-24
10009632,300ETF沽12月4600,0.1563,-14.73,4.6,4.7,沪深300ETF,4.663,0.89,4.444,2025-12-24
10009843,科创50沽12月1450,0.1127,-15.07,1.45,12.59,科创50ETF,1.53,3.73,1.337,2025-12-24
10009830,500ETF沽12月8000,0.875,-15.2,8.0,4.13,中证500ETF,7.432,2.13,7.125,2025-12-24
10009772,500ETF沽3月7750,0.8993,-15.27,7.75,7.82,中证500ETF,7.432,2.13,6.851,2026-03-25
10009748,500ETF沽3月7500,0.7394,-15.3,7.5,9.03,中证500ETF,7.432,2.13,6.761,2026-03-25
10009303,科创板50沽12月1100,0.0149,-15.34,1.1,27.42,科创板50ETF,1.495,3.68,1.085,2025-12-24
10009487,300ETF沽12月4000,0.0195,-15.58,4.0,14.64,沪深300ETF,4.663,0.89,3.981,2025-12-24
10009610,300ETF沽12月4500,0.1149,-15.64,4.5,5.96,沪深300ETF,4.663,0.89,4.385,2025-12-24
10009702,科创50沽3月1150,0.0439,-15.74,1.15,27.71,科创50ETF,1.53,3.73,1.106,2026-03-25
10009782,科创50沽12月1400,0.0882,-15.76,1.4,14.26,科创50ETF,1.53,3.73,1.312,2025-12-24
10009703,科创50沽3月1200,0.0561,-15.77,1.2,25.24,科创50ETF,1.53,3.73,1.144,2026-03-25
10009706,科创板50购3月900,0.456,-15.87,0.9,-9.3,科创板50ETF,1.495,3.68,1.356,2026-03-25
10009859,科创板50沽12月1450,0.1294,-15.92,1.45,11.67,科创板50ETF,1.495,3.68,1.321,2025-12-24
10009263,500ETF沽12月5000,0.0079,-15.96,5.0,32.83,中证500ETF,7.432,2.13,4.992,2025-12-24
10010044,科创板50沽12月1650,0.2542,-16.16,1.65,6.64,科创板50ETF,1.495,3.68,1.396,2025-12-24
10009283,科创50沽12月1000,0.0057,-16.18,1.0,35.01,科创50ETF,1.53,3.73,0.994,2025-12-24
10009314,300ETF沽12月4303A,0.0589,-16.34,4.303,8.98,沪深300ETF,4.663,0.89,4.244,2025-12-24
10010010,500ETF沽10月8250,0.8958,-16.35,8.25,1.05,中证500ETF,7.432,2.13,7.354,2025-10-22
10009285,科创50沽12月1100,0.0122,-16.44,1.1,28.9,科创50ETF,1.53,3.73,1.088,2025-12-24
10009287,科创50沽12月1200,0.0258,-16.5,1.2,23.25,科创50ETF,1.53,3.73,1.174,2025-12-24
10009251,300ETF沽12月4107A,0.0287,-16.57,4.107,12.54,沪深300ETF,4.663,0.89,4.078,2025-12-24
10009504,300ETF沽12月4400,0.082,-16.67,4.4,7.4,沪深300ETF,4.663,0.89,4.318,2025-12-24
10009490,300ETF沽12月4300,0.0579,-16.93,4.3,9.03,沪深300ETF,4.663,0.89,4.242,2025-12-24
10009776,科创板50沽12月1350,0.079,-16.93,1.35,14.98,科创板50ETF,1.495,3.68,1.271,2025-12-24
10009489,300ETF沽12月4200,0.0401,-16.98,4.2,10.79,沪深300ETF,4.663,0.89,4.16,2025-12-24
10009288,科创50沽12月1250,0.0357,-16.98,1.25,20.63,科创50ETF,1.53,3.73,1.214,2025-12-24
10009252,300ETF沽12月4205A,0.041,-17.0,4.205,10.7,沪深300ETF,4.663,0.89,4.164,2025-12-24
10009488,300ETF沽12月4100,0.0276,-17.12,4.1,12.67,沪深300ETF,4.663,0.89,4.072,2025-12-24
10009286,科创50沽12月1150,0.0178,-17.21,1.15,26.0,科创50ETF,1.53,3.73,1.132,2025-12-24
10009310,科创50沽12月1300,0.0499,-17.25,1.3,18.29,科创50ETF,1.53,3.73,1.25,2025-12-24
10009284,科创50沽12月1050,0.0081,-17.35,1.05,31.9,科创50ETF,1.53,3.73,1.042,2025-12-24
10009301,科创板50沽12月1000,0.007,-17.65,1.0,33.58,科创板50ETF,1.495,3.68,0.993,2025-12-24
10009686,500ETF沽3月7250,0.5756,-17.88,7.25,10.19,中证500ETF,7.432,2.13,6.674,2026-03-25
10009902,50ETF沽10月3100,0.0669,-17.91,3.1,1.27,上证50ETF,3.072,0.59,3.033,2025-10-22
10010042,科创板50沽10月1650,0.1951,-18.06,1.65,2.68,科创板50ETF,1.495,3.68,1.455,2025-10-22
10009738,科创板50沽12月1300,0.0591,-18.14,1.3,17.0,科创板50ETF,1.495,3.68,1.241,2025-12-24
10009988,科创50沽10月1650,0.1695,-18.27,1.65,3.24,科创50ETF,1.53,3.73,1.481,2025-10-22
10009770,500ETF沽12月7750,0.6731,-18.32,7.75,4.78,中证500ETF,7.432,2.13,7.077,2025-12-24
10009923,300ETF沽10月4800,0.1769,-18.33,4.8,0.86,沪深300ETF,4.663,0.89,4.623,2025-10-22
10009806,科创板50沽12月1400,0.101,-18.42,1.4,13.11,科创板50ETF,1.495,3.68,1.299,2025-12-24
10009828,500ETF沽9月8000,0.598,-18.43,8.0,0.4,中证500ETF,7.432,2.13,7.402,2025-09-24
10009685,500ETF沽3月7000,0.4473,-18.61,7.0,11.83,中证500ETF,7.432,2.13,6.553,2026-03-25
10010002,科创板50沽10月1600,0.1587,-18.74,1.6,3.59,科创板50ETF,1.495,3.68,1.441,2025-10-22
10010034,科创50沽10月1700,0.2041,-18.85,1.7,2.23,科创50ETF,1.53,3.73,1.496,2025-10-22
10010016,50ETF沽10月2800,0.0034,-19.05,2.8,8.96,上证50ETF,3.072,0.59,2.797,2025-10-22
10009752,科创50沽12月1350,0.0666,-19.37,1.35,16.12,科创50ETF,1.53,3.73,1.283,2025-12-24
10009304,科创板50沽12月1150,0.021,-19.54,1.15,24.48,科创板50ETF,1.495,3.68,1.129,2025-12-24
10009987,科创50沽10月1600,0.1314,-19.58,1.6,4.01,科创50ETF,1.53,3.73,1.469,2025-10-22
10009684,500ETF沽3月6750,0.335,-20.2,6.75,13.68,中证500ETF,7.432,2.13,6.415,2026-03-25
10009305,科创板50沽12月1200,0.03,-20.42,1.2,21.74,科创板50ETF,1.495,3.68,1.17,2025-12-24
10009264,500ETF沽12月5250,0.0109,-20.44,5.25,29.51,中证500ETF,7.432,2.13,5.239,2025-12-24
10009942,500ETF沽10月8000,0.6567,-20.69,8.0,1.19,中证500ETF,7.432,2.13,7.343,2025-10-22
10010032,科创50沽9月1700,0.1784,-20.71,1.7,0.55,科创50ETF,1.53,3.73,1.522,2025-09-24
10010001,科创板50沽10月1550,0.121,-20.71,1.55,4.41,科创板50ETF,1.495,3.68,1.429,2025-10-22
10009796,300ETF沽9月4800,0.1436,-21.1,4.8,0.14,沪深300ETF,4.663,0.89,4.656,2025-09-24
10009960,科创50沽10月1550,0.098,-21.73,1.55,5.1,科创50ETF,1.53,3.73,1.452,2025-10-22
10009746,500ETF沽12月7500,0.4922,-21.85,7.5,5.71,中证500ETF,7.432,2.13,7.008,2025-12-24
10010040,科创板50沽9月1650,0.1627,-22.23,1.65,0.52,科创板50ETF,1.495,3.68,1.487,2025-09-24
10009265,500ETF沽12月5500,0.0167,-22.33,5.5,26.22,中证500ETF,7.432,2.13,5.483,2025-12-24
10009978,科创板50沽10月1500,0.0899,-22.37,1.5,5.68,科创板50ETF,1.495,3.68,1.41,2025-10-22
10009683,500ETF沽3月6500,0.2402,-22.91,6.5,15.77,中证500ETF,7.432,2.13,6.26,2026-03-25
10009682,500ETF沽3月6250,0.174,-22.97,6.25,18.25,中证500ETF,7.432,2.13,6.076,2026-03-25
10009678,500ETF沽3月5250,0.0397,-23.06,5.25,29.89,中证500ETF,7.432,2.13,5.21,2026-03-25
10009680,500ETF沽3月5750,0.0851,-23.61,5.75,23.78,中证500ETF,7.432,2.13,5.665,2026-03-25
10009681,500ETF沽3月6000,0.1213,-23.76,6.0,20.9,中证500ETF,7.432,2.13,5.879,2026-03-25
10009679,500ETF沽3月5500,0.0583,-23.89,5.5,26.78,中证500ETF,7.432,2.13,5.442,2026-03-25
10009922,300ETF沽10月4700,0.107,-24.59,4.7,1.5,沪深300ETF,4.663,0.89,4.593,2025-10-22
10009616,500ETF沽12月7250,0.3505,-24.62,7.25,7.16,中证500ETF,7.432,2.13,6.9,2025-12-24
10009898,50ETF沽10月2850,0.0049,-25.76,2.85,7.39,上证50ETF,3.072,0.59,2.845,2025-10-22
10009901,50ETF沽10月3000,0.0247,-26.49,3.0,3.15,上证50ETF,3.072,0.59,2.975,2025-10-22
10009984,科创50沽9月1650,0.1289,-26.72,1.65,0.58,科创50ETF,1.53,3.73,1.521,2025-09-24
10009959,科创50沽10月1500,0.0674,-26.9,1.5,6.37,科创50ETF,1.53,3.73,1.433,2025-10-22
10009941,500ETF沽10月7750,0.4375,-26.96,7.75,1.61,中证500ETF,7.432,2.13,7.313,2025-10-22
10009508,500ETF沽12月7000,0.2381,-27.41,7.0,9.02,中证500ETF,7.432,2.13,6.762,2025-12-24
10009977,科创板50沽10月1450,0.0598,-27.52,1.45,7.01,科创板50ETF,1.495,3.68,1.39,2025-10-22
10009952,科创50沽10月1150,0.0027,-28.95,1.15,25.01,科创50ETF,1.53,3.73,1.147,2025-10-22
10009958,科创50沽10月1450,0.0446,-29.09,1.45,8.14,科创50ETF,1.53,3.73,1.405,2025-10-22
10009998,科创板50沽9月1600,0.1122,-29.26,1.6,0.48,科创板50ETF,1.495,3.68,1.488,2025-09-24
10009270,500ETF沽12月6750,0.1568,-29.69,6.75,11.29,中证500ETF,7.432,2.13,6.593,2025-12-24
10009976,科创板50沽10月1400,0.0391,-30.18,1.4,8.97,科创板50ETF,1.495,3.68,1.361,2025-10-22
10010020,科创50沽10月1100,0.0016,-30.43,1.1,28.21,科创50ETF,1.53,3.73,1.098,2025-10-22
10009921,300ETF沽10月4600,0.0582,-30.8,4.6,2.6,沪深300ETF,4.663,0.89,4.542,2025-10-22
10009266,500ETF沽12月5750,0.0249,-30.83,5.75,22.97,中证500ETF,7.432,2.13,5.725,2025-12-24
10009899,50ETF沽10月2900,0.0075,-31.19,2.9,5.84,上证50ETF,3.072,0.59,2.893,2025-10-22
10009953,科创50沽10月1200,0.0039,-31.58,1.2,21.82,科创50ETF,1.53,3.73,1.196,2025-10-22
10009267,500ETF沽12月6000,0.0391,-31.76,6.0,19.79,中证500ETF,7.432,2.13,5.961,2025-12-24
10009269,500ETF沽12月6500,0.1,-32.16,6.5,13.89,中证500ETF,7.432,2.13,6.4,2025-12-24
10009975,科创板50沽10月1350,0.0238,-32.19,1.35,11.29,科创板50ETF,1.495,3.68,1.326,2025-10-22
10009957,科创50沽10月1400,0.028,-32.37,1.4,10.33,科创50ETF,1.53,3.73,1.372,2025-10-22
10009268,500ETF沽12月6250,0.0626,-32.62,6.25,16.75,中证500ETF,7.432,2.13,6.187,2025-12-24
10009768,500ETF沽9月7750,0.323,-33.59,7.75,0.07,中证500ETF,7.432,2.13,7.427,2025-09-24
10009972,科创板50沽10月1200,0.0049,-33.78,1.2,20.06,科创板50ETF,1.495,3.68,1.195,2025-10-22
10009970,科创板50沽10月1100,0.0017,-34.62,1.1,26.54,科创板50ETF,1.495,3.68,1.098,2025-10-22
10009900,50ETF沽10月2950,0.013,-34.67,2.95,4.39,上证50ETF,3.072,0.59,2.937,2025-10-22
10009955,科创50沽10月1300,0.0099,-34.87,1.3,15.68,科创50ETF,1.53,3.73,1.29,2025-10-22
10009916,300ETF沽10月4100,0.0028,-34.88,4.1,12.13,沪深300ETF,4.663,0.89,4.097,2025-10-22
10009940,500ETF沽10月7500,0.2561,-35.33,7.5,2.53,中证500ETF,7.432,2.13,7.244,2025-10-22
10009954,科创50沽10月1250,0.0059,-35.87,1.25,18.69,科创50ETF,1.53,3.73,1.244,2025-10-22
10009983,科创50沽9月1600,0.0808,-35.92,1.6,0.71,科创50ETF,1.53,3.73,1.519,2025-09-24
10009974,科创板50沽10月1300,0.0135,-36.02,1.3,13.95,科创板50ETF,1.495,3.68,1.287,2025-10-22
10009917,300ETF沽10月4200,0.0042,-37.31,4.2,10.02,沪深300ETF,4.663,0.89,4.196,2025-10-22
10009973,科创板50沽10月1250,0.0079,-37.8,1.25,16.92,科创板50ETF,1.495,3.68,1.242,2025-10-22
10009920,300ETF沽10月4500,0.0284,-37.99,4.5,4.1,沪深300ETF,4.663,0.89,4.472,2025-10-22
10009956,科创50沽10月1350,0.0159,-38.61,1.35,12.8,科创50ETF,1.53,3.73,1.334,2025-10-22
10009971,科创板50沽10月1150,0.0026,-39.53,1.15,23.25,科创板50ETF,1.495,3.68,1.147,2025-10-22
10009884,科创板50沽9月1550,0.0646,-40.19,1.55,0.64,科创板50ETF,1.495,3.68,1.485,2025-09-24
10009919,300ETF沽10月4400,0.0136,-40.87,4.4,5.93,沪深300ETF,4.663,0.89,4.386,2025-10-22
10009939,500ETF沽10月7250,0.132,-41.82,7.25,4.22,中证500ETF,7.432,2.13,7.118,2025-10-22
10009918,300ETF沽10月4300,0.0067,-43.22,4.3,7.93,沪深300ETF,4.663,0.89,4.293,2025-10-22
10009934,500ETF沽10月6000,0.005,-44.44,6.0,19.34,中证500ETF,7.432,2.13,5.995,2025-10-22
10009760,300ETF沽9月4700,0.0433,-44.84,4.7,0.14,沪深300ETF,4.663,0.89,4.657,2025-09-24
10009496,50ETF沽9月3100,0.0283,-45.79,3.1,0.01,上证50ETF,3.072,0.59,3.072,2025-09-24
10009935,500ETF沽10月6250,0.0079,-46.98,6.25,16.01,中证500ETF,7.432,2.13,6.242,2025-10-22
10010018,500ETF沽10月5750,0.0028,-47.17,5.75,22.67,中证500ETF,7.432,2.13,5.747,2025-10-22
10009938,500ETF沽10月7000,0.0613,-47.34,7.0,6.64,中证500ETF,7.432,2.13,6.939,2025-10-22
10010022,科创板50沽10月1050,0.001,-47.37,1.05,29.83,科创板50ETF,1.495,3.68,1.049,2025-10-22
10009819,300ETF购9月4900,0.0001,-50.0,4.9,5.08,沪深300ETF,4.663,0.89,4.9,2025-09-24
10009767,500ETF购9月7750,0.0001,-50.0,7.75,4.28,中证500ETF,7.432,2.13,7.75,2025-09-24
10008906,50ETF沽9月2950,0.0001,-50.0,2.95,3.97,上证50ETF,3.072,0.59,2.95,2025-09-24
10008908,300ETF沽9月4401A,0.0001,-50.0,4.401,5.62,沪深300ETF,4.663,0.89,4.401,2025-09-24
10008846,500ETF沽9月6500,0.0001,-50.0,6.5,12.54,中证500ETF,7.432,2.13,6.5,2025-09-24
10009827,500ETF购9月8000,0.0001,-50.0,8.0,7.64,中证500ETF,7.432,2.13,8.0,2025-09-24
10008890,科创板50沽9月1250,0.0001,-50.0,1.25,16.39,科创板50ETF,1.495,3.68,1.25,2025-09-24
10010007,500ETF购9月8250,0.0001,-50.0,8.25,11.01,中证500ETF,7.432,2.13,8.25,2025-09-24
10008888,500ETF沽9月6750,0.0001,-50.0,6.75,9.18,中证500ETF,7.432,2.13,6.75,2025-09-24
10008916,科创板50沽9月1300,0.0001,-50.0,1.3,13.05,科创板50ETF,1.495,3.68,1.3,2025-09-24
10009936,500ETF沽10月6500,0.0134,-50.37,6.5,12.72,中证500ETF,7.432,2.13,6.487,2025-10-22
10009937,500ETF沽10月6750,0.0278,-50.97,6.75,9.55,中证500ETF,7.432,2.13,6.722,2025-10-22
10009876,科创50沽9月1550,0.0327,-56.4,1.55,0.83,科创50ETF,1.53,3.73,1.517,2025-09-24
10009883,科创板50购9月1550,0.0001,-66.67,1.55,3.69,科创板50ETF,1.495,3.68,1.55,2025-09-24
10008924,科创板50沽9月1350,0.0001,-66.67,1.35,9.71,科创板50ETF,1.495,3.68,1.35,2025-09-24
10008912,科创50沽9月1350,0.0001,-66.67,1.35,11.77,科创50ETF,1.53,3.73,1.35,2025-09-24
10009744,500ETF沽9月7500,0.0766,-68.0,7.5,0.12,中证500ETF,7.432,2.13,7.423,2025-09-24
10009856,科创板50沽9月1500,0.016,-72.65,1.5,0.74,科创板50ETF,1.495,3.68,1.484,2025-09-24
10009795,300ETF购9月4800,0.0001,-75.0,4.8,2.94,沪深300ETF,4.663,0.89,4.8,2025-09-24
10009621,50ETF购9月3200,0.0001,-75.0,3.2,4.17,上证50ETF,3.072,0.59,3.2,2025-09-24
10009875,科创50购9月1550,0.0001,-90.0,1.55,1.31,科创50ETF,1.53,3.73,1.55,2025-09-24
10009608,300ETF沽9月4500,0.0001,-90.0,4.5,3.5,沪深300ETF,4.663,0.89,4.5,2025-09-24
10008930,科创50沽9月1400,0.0001,-90.91,1.4,8.5,科创50ETF,1.53,3.73,1.4,2025-09-24
10009040,50ETF沽9月3000,0.0001,-90.91,3.0,2.35,上证50ETF,3.072,0.59,3.0,2025-09-24
10009854,科创板50购9月1500,0.0001,-91.67,1.5,0.34,科创板50ETF,1.495,3.68,1.5,2025-09-24
10009743,500ETF购9月7500,0.0001,-93.33,7.5,0.92,中证500ETF,7.432,2.13,7.5,2025-09-24
10008904,500ETF沽9月7000,0.0001,-95.0,7.0,5.81,中证500ETF,7.432,2.13,7.0,2025-09-24
10009495,50ETF购9月3100,0.0001,-96.0,3.1,0.91,上证50ETF,3.072,0.59,3.1,2025-09-24
10009759,300ETF购9月4700,0.0001,-96.43,4.7,0.8,沪深300ETF,4.663,0.89,4.7,2025-09-24
10009804,科创板50沽9月1400,0.0001,-96.43,1.4,6.36,科创板50ETF,1.495,3.68,1.4,2025-09-24
10009839,科创50沽9月1450,0.0001,-97.92,1.45,5.24,科创50ETF,1.53,3.73,1.45,2025-09-24
10009630,300ETF沽9月4600,0.0001,-99.04,4.6,1.35,沪深300ETF,4.663,0.89,4.6,2025-09-24
10009855,科创板50沽9月1450,0.0001,-99.49,1.45,3.02,科创板50ETF,1.495,3.68,1.45,2025-09-24
10009048,500ETF沽9月7250,0.0001,-99.62,7.25,2.45,中证500ETF,7.432,2.13,7.25,2025-09-24
10009840,科创50沽9月1500,0.0001,-99.67,1.5,1.97,科创50ETF,1.53,3.73,1.5,2025-09-24
