期权代码,期权名称,最新价,涨跌幅,杠杆比率,实际杠杆比率,Delta,Gamma,Vega,Rho,Theta,到期日
10009795,300ETF购9月4800,0.0227,336.54,205.29,55.92,0.2724,1.5397,0.3031,0.0473,-0.9496,2025-09-24
10009759,300ETF购9月4700,0.0466,323.64,100.0,44.01,0.4401,1.8288,0.36,0.076,-1.1346,2025-09-24
10009047,500ETF购9月7250,0.1011,285.88,71.45,34.8,0.487,1.05,0.5641,0.1295,-2.0175,2025-09-24
10009838,科创50购9月1500,0.0194,266.04,71.8,14.8,0.2061,2.4012,0.0778,0.0105,-0.4446,2025-09-24
10009743,500ETF购9月7500,0.035,260.82,206.4,51.39,0.249,0.8351,0.4487,0.0669,-1.5924,2025-09-24
10009982,科创50购9月1650,0.0075,257.14,185.73,4.88,0.0263,0.5135,0.0166,0.0014,-0.0947,2025-09-24
10009819,300ETF购9月4900,0.0125,257.14,372.8,54.65,0.1466,1.0646,0.2096,0.0256,-0.6541,2025-09-24
10009853,科创板50购9月1450,0.0229,252.31,59.43,14.31,0.2407,2.7164,0.083,0.012,-0.4691,2025-09-24
10009981,科创50购9月1600,0.009,246.15,154.78,8.88,0.0574,0.9688,0.0314,0.003,-0.1789,2025-09-24
10009997,科创板50购9月1600,0.0081,237.5,168.02,5.12,0.0305,0.6023,0.0184,0.0015,-0.1036,2025-09-24
10009629,300ETF购9月4600,0.0957,232.29,48.69,30.35,0.6232,1.7607,0.3466,0.1068,-1.1038,2025-09-24
10009837,科创50购9月1450,0.0281,230.59,49.57,16.68,0.3365,3.0741,0.0996,0.017,-0.5704,2025-09-24
10009883,科创板50购9月1550,0.011,223.53,123.73,8.33,0.0673,1.1366,0.0347,0.0034,-0.1957,2025-09-24
10009767,500ETF购9月7750,0.0145,222.22,498.21,48.13,0.0966,0.4505,0.242,0.0261,-0.8556,2025-09-24
10009803,科创板50购9月1400,0.0335,210.19,40.63,15.72,0.3869,3.3399,0.102,0.0191,-0.5783,2025-09-24
10009875,科创50购9月1550,0.0123,207.5,113.25,12.93,0.1142,1.6265,0.0527,0.0059,-0.3007,2025-09-24
10009854,科创板50购9月1500,0.0155,198.08,87.81,11.78,0.1342,1.8867,0.0576,0.0067,-0.3252,2025-09-24
10008903,500ETF购9月7000,0.25,190.36,28.9,21.31,0.7373,0.8588,0.4614,0.1932,-1.6796,2025-09-24
10009827,500ETF购9月8000,0.008,185.71,903.0,25.65,0.0284,0.1711,0.0919,0.0077,-0.3241,2025-09-24
10009867,300ETF购9月5000,0.0077,185.19,605.19,41.4,0.0684,0.6117,0.1204,0.012,-0.3749,2025-09-24
10008929,科创50购9月1400,0.0437,181.94,31.88,15.81,0.4959,3.3603,0.1088,0.0248,-0.6256,2025-09-24
10008923,科创板50购9月1350,0.0513,174.33,26.53,14.79,0.5574,3.4447,0.1052,0.0271,-0.5989,2025-09-24
10009621,50ETF购9月3200,0.0186,165.71,167.85,47.25,0.2815,2.6759,0.2064,0.0329,-0.566,2025-09-24
10010009,500ETF购10月8250,0.0268,162.75,269.55,21.91,0.0813,0.2287,0.3686,0.0648,-0.4371,2025-10-22
10009979,300ETF购10月5000,0.0322,161.79,144.72,29.84,0.2062,0.7632,0.4507,0.1058,-0.4746,2025-10-22
10009986,科创50购10月1650,0.0216,160.24,64.49,9.28,0.1439,1.1026,0.1071,0.0214,-0.2049,2025-10-22
10008911,科创50购9月1350,0.0681,158.94,20.46,13.53,0.6614,3.0815,0.0998,0.0326,-0.577,2025-09-24
10010000,科创板50购10月1600,0.025,157.73,54.44,8.3,0.1524,1.1872,0.1088,0.0222,-0.2057,2025-10-22
10009933,500ETF购10月8000,0.0402,157.69,179.7,26.04,0.1449,0.3463,0.5582,0.115,-0.6639,2025-10-22
10009915,300ETF购10月4900,0.0465,148.66,100.22,28.57,0.2851,0.9089,0.5368,0.1455,-0.5675,2025-10-22
10009985,科创50购10月1600,0.0273,148.18,51.03,10.02,0.1964,1.3466,0.1308,0.0291,-0.2506,2025-10-22
10009999,科创板50购10月1550,0.0306,140.94,44.48,9.31,0.2094,1.4495,0.1328,0.0303,-0.2515,2025-10-22
10009607,300ETF购9月4500,0.1705,140.14,27.33,21.45,0.7849,1.3552,0.2668,0.133,-0.8667,2025-09-24
10008915,科创板50购9月1300,0.0795,134.51,17.12,12.38,0.7233,2.9204,0.0892,0.0346,-0.5117,2025-09-24
10009932,500ETF购10月7750,0.0631,131.99,114.48,27.34,0.2388,0.4714,0.7598,0.1884,-0.9073,2025-10-22
10009787,50ETF购9月3400,0.0055,129.17,567.64,10.67,0.0188,0.3645,0.0281,0.0022,-0.0762,2025-09-24
10009969,科创板50购10月1500,0.0384,128.57,35.44,9.92,0.2798,1.695,0.1553,0.0401,-0.2947,2025-10-22
10010007,500ETF购9月8250,0.0043,126.32,1680.0,10.75,0.0064,0.0472,0.0254,0.0017,-0.0893,2025-09-24
10009914,300ETF购10月4800,0.0658,124.57,70.82,26.78,0.3781,1.0176,0.6009,0.1919,-0.6387,2025-10-22
10009931,500ETF购10月7500,0.105,123.88,68.8,24.99,0.3632,0.5705,0.9196,0.2841,-1.1044,2025-10-22
10009725,50ETF购9月3300,0.0085,123.68,367.29,33.09,0.0901,1.2889,0.0994,0.0106,-0.2708,2025-09-24
10009951,科创50购10月1550,0.0331,122.15,42.08,10.99,0.2612,1.5813,0.1536,0.0384,-0.2947,2025-10-22
10009968,科创板50购10月1450,0.0489,121.27,27.83,10.1,0.3628,1.8895,0.1732,0.0516,-0.3293,2025-10-22
10008893,科创50购9月1300,0.1038,120.85,13.42,10.8,0.8049,2.3233,0.0752,0.0389,-0.4399,2025-09-24
10009950,科创50购10月1500,0.0438,117.91,31.8,10.76,0.3382,1.7783,0.1728,0.0493,-0.3322,2025-10-22
10009811,50ETF购9月3500,0.0037,117.65,843.78,2.19,0.0026,0.0634,0.0049,0.0003,-0.0132,2025-09-24
10009913,300ETF购10月4700,0.1018,115.68,45.78,22.01,0.4809,1.0667,0.6299,0.2425,-0.6741,2025-10-22
10009930,500ETF购10月7250,0.1781,110.27,40.56,20.65,0.509,0.6064,0.9774,0.3937,-1.1842,2025-10-22
10008889,科创板50购9月1250,0.117,107.82,11.63,9.95,0.855,1.9883,0.0607,0.04,-0.3539,2025-09-24
10009949,科创50购10月1450,0.057,107.27,24.44,10.4,0.4255,1.9063,0.1852,0.0614,-0.357,2025-10-22
10009495,50ETF购9月3100,0.0528,105.45,59.13,34.42,0.5822,3.0954,0.2387,0.0673,-0.6647,2025-09-24
10009896,50ETF购10月3400,0.0173,103.53,180.46,22.11,0.1225,0.9289,0.2149,0.0425,-0.1974,2025-10-22
10009967,科创板50购10月1400,0.0614,101.31,22.17,10.11,0.456,1.9974,0.1831,0.0642,-0.3492,2025-10-22
10009468,300ETF沽9月3900,0.0006,100.0,7766.67,0.0,0.0,0.001,0.0002,0.0,-0.0005,2025-09-24
10008821,300ETF沽9月3520A,0.0004,100.0,11650.0,0.0,0.0,0.0,0.0,0.0,0.0,2025-09-24
10009164,50ETF沽9月2350,0.0004,100.0,7805.0,0.0,0.0,0.0,0.0,0.0,0.0,2025-09-24
10009948,科创50购10月1400,0.0735,92.91,18.95,9.85,0.5199,1.9378,0.1883,0.0742,-0.3643,2025-10-22
10009966,科创板50购10月1350,0.0797,91.13,17.08,9.48,0.5552,1.9904,0.1824,0.0771,-0.3494,2025-10-22
10009895,50ETF购10月3300,0.0276,90.34,113.12,26.12,0.2309,1.3927,0.3222,0.0797,-0.2977,2025-10-22
10009965,科创板50购10月1300,0.1039,88.57,13.1,8.57,0.6545,1.8569,0.1702,0.0895,-0.328,2025-10-22
10009912,300ETF购10月4600,0.145,88.31,32.14,18.87,0.5872,1.0423,0.6155,0.2937,-0.6651,2025-10-22
10009929,500ETF购10月7000,0.2984,87.67,24.21,15.94,0.6583,0.5581,0.8996,0.5021,-1.1057,2025-10-22
10008887,500ETF购9月6750,0.4665,84.39,15.49,14.06,0.9077,0.4357,0.2341,0.2326,-0.8975,2025-09-24
10008855,科创50购9月1250,0.1457,82.81,9.56,8.67,0.9065,1.4073,0.0456,0.0427,-0.2729,2025-09-24
10009947,科创50购10月1350,0.0949,82.5,14.68,9.05,0.6165,1.8569,0.1804,0.0867,-0.3508,2025-10-22
10009897,50ETF购10月3500,0.012,81.82,260.17,14.93,0.0574,0.5267,0.1219,0.02,-0.1114,2025-10-22
10009501,300ETF购9月4400,0.2658,81.68,17.53,15.76,0.8987,0.8213,0.1617,0.1502,-0.5487,2025-09-24
10008907,300ETF购9月4401A,0.2616,78.81,17.81,15.99,0.8978,0.8264,0.1627,0.1501,-0.5518,2025-09-24
10009894,50ETF购10月3200,0.0495,76.16,63.07,24.19,0.3835,1.7476,0.4043,0.1313,-0.3772,2025-10-22
10009829,500ETF购12月8000,0.1032,76.11,70.0,18.94,0.2706,0.3183,1.2827,0.5163,-0.6216,2025-12-24
10008873,科创板50购9月1200,0.1624,75.57,8.38,7.87,0.9386,1.0584,0.0323,0.0427,-0.1956,2025-09-24
10009911,300ETF购10月4500,0.2077,71.65,22.44,15.47,0.6895,0.945,0.558,0.3416,-0.6115,2025-10-22
10009946,科创50购10月1300,0.1231,70.97,11.32,8.03,0.7095,1.666,0.1619,0.0981,-0.317,2025-10-22
10009964,科创板50购10月1250,0.1346,70.38,10.11,7.56,0.7474,1.6094,0.1475,0.1003,-0.2868,2025-10-22
10010011,500ETF购12月8250,0.0748,70.0,96.58,19.78,0.2048,0.273,1.1002,0.3934,-0.5309,2025-12-24
10009467,300ETF沽9月3800,0.0005,66.67,9320.0,0.0,0.0,0.0001,0.0,0.0,0.0,2025-09-24
10009928,500ETF购10月6750,0.4702,65.51,15.36,12.14,0.7903,0.4379,0.7057,0.5918,-0.8897,2025-10-22
10009769,500ETF购12月7750,0.1417,64.77,50.98,17.75,0.3482,0.3555,1.4324,0.6587,-0.6978,2025-12-24
10009745,500ETF购12月7500,0.1965,62.8,36.76,16.01,0.4354,0.3786,1.5255,0.816,-0.7484,2025-12-24
10009813,50ETF购12月3500,0.0413,62.6,75.59,13.05,0.1726,0.7398,0.4279,0.1463,-0.1599,2025-12-24
10009470,300ETF沽9月4100,0.0013,62.5,3584.62,8.96,-0.0025,0.0367,0.0072,-0.0004,-0.022,2025-09-24
10009963,科创板50购10月1200,0.174,61.26,7.82,6.48,0.828,1.2843,0.1177,0.1087,-0.2321,2025-10-22
10009945,科创50购10月1250,0.1586,60.69,8.78,6.97,0.7932,1.3888,0.1349,0.1075,-0.2672,2025-10-22
10009869,300ETF购12月5000,0.0875,60.26,53.26,17.14,0.3218,0.6068,0.8959,0.398,-0.3858,2025-12-24
10009990,科创50购12月1650,0.0491,59.42,28.37,7.85,0.2767,1.0294,0.25,0.0966,-0.1934,2025-12-24
10009989,科创50购12月1600,0.0569,58.5,24.48,7.89,0.3224,1.1034,0.268,0.1118,-0.2077,2025-12-24
10010003,科创板50购12月1600,0.0515,57.98,26.43,7.51,0.2843,1.0804,0.2476,0.0971,-0.1893,2025-12-24
10009615,500ETF购12月7250,0.2747,57.78,26.3,13.91,0.5291,0.3826,1.5416,0.9801,-0.7633,2025-12-24
10008854,科创50购9月1200,0.1935,57.06,7.2,6.94,0.9639,0.6669,0.0216,0.044,-0.1373,2025-09-24
10009858,科创板50购12月1500,0.0689,56.59,19.75,7.62,0.3858,1.2186,0.2792,0.1295,-0.2144,2025-12-24
10009039,50ETF购9月3000,0.1296,56.14,24.09,20.38,0.8459,1.8816,0.1451,0.0962,-0.4227,2025-09-24
10009910,300ETF购10月4400,0.2838,55.17,16.42,12.82,0.7808,0.791,0.4671,0.3824,-0.5227,2025-10-22
10009821,300ETF购12月4900,0.1098,54.87,42.44,16.16,0.3808,0.645,0.9523,0.4684,-0.4122,2025-12-24
10009842,科创50购12月1500,0.0774,54.8,18.0,7.68,0.4268,1.2064,0.293,0.1453,-0.2281,2025-12-24
10009877,科创50购12月1550,0.0662,54.67,21.04,7.84,0.3726,1.164,0.2827,0.1281,-0.2195,2025-12-24
10009857,科创板50购12月1450,0.08,54.44,17.01,7.54,0.4431,1.258,0.2882,0.1472,-0.222,2025-12-24
10009885,科创板50购12月1550,0.0577,52.65,23.59,7.85,0.3327,1.1576,0.2652,0.1127,-0.2032,2025-12-24
10008891,300ETF购9月4303A,0.3586,52.47,12.99,12.48,0.9604,0.3959,0.0779,0.1578,-0.2933,2025-09-24
10009507,500ETF购12月7000,0.3791,51.88,19.06,11.9,0.6243,0.3648,1.4701,1.1407,-0.7372,2025-12-24
10009893,50ETF购10月3100,0.0875,51.65,35.68,20.07,0.5625,1.8036,0.4173,0.1905,-0.3954,2025-10-22
10009841,科创50购12月1450,0.0908,51.59,15.34,7.43,0.4844,1.2262,0.2978,0.1632,-0.2325,2025-12-24
10009944,科创50购10月1200,0.2014,51.31,6.92,5.97,0.8631,1.0662,0.1036,0.1142,-0.2086,2025-10-22
10009797,300ETF购12月4800,0.1398,51.3,33.33,14.8,0.4441,0.6687,0.9873,0.5428,-0.4299,2025-12-24
10008872,科创板50购9月1150,0.2116,51.14,6.43,6.3,0.9797,0.4271,0.013,0.043,-0.0876,2025-09-24
10009463,300ETF购9月4300,0.3609,51.07,12.91,12.42,0.9617,0.3855,0.0759,0.1579,-0.2871,2025-09-24
10009466,300ETF沽9月3700,0.0003,50.0,15533.33,0.0,0.0,0.0,0.0,0.0,0.0,2025-09-24
10008823,300ETF沽9月3716A,0.0003,50.0,15533.33,0.0,0.0,0.0,0.0,0.0,0.0,2025-09-24
10009465,300ETF沽9月3600,0.0003,50.0,15533.33,0.0,0.0,0.0,0.0,0.0,0.0,2025-09-24
10009789,50ETF购12月3400,0.0531,50.0,58.79,14.56,0.2477,0.9153,0.5294,0.2086,-0.1991,2025-12-24
10008820,300ETF沽9月3423A,0.0003,50.0,15533.33,0.0,0.0,0.0,0.0,0.0,0.0,2025-09-24
10009781,科创50购12月1400,0.1068,48.95,13.04,7.1,0.5443,1.2195,0.2962,0.1811,-0.2321,2025-12-24
10009805,科创板50购12月1400,0.0928,48.48,14.67,7.39,0.5036,1.2709,0.2912,0.1654,-0.225,2025-12-24
10009727,50ETF购12月3300,0.0738,47.6,42.3,14.39,0.3401,1.0609,0.6136,0.2843,-0.2327,2025-12-24
10009962,科创板50购10月1150,0.2165,47.28,6.29,5.61,0.8922,0.9338,0.0856,0.114,-0.1727,2025-10-22
10009771,500ETF购3月7750,0.2178,46.47,33.17,13.65,0.4115,0.2738,2.0598,1.3933,-0.5483,2026-03-25
10009751,科创50购12月1350,0.1275,46.22,10.93,6.61,0.6053,1.1841,0.2876,0.1986,-0.2264,2025-12-24
10009761,300ETF购12月4700,0.175,45.95,26.63,13.58,0.5101,0.6752,0.9968,0.6191,-0.4373,2025-12-24
10009261,500ETF购12月6750,0.5141,45.39,14.05,10.05,0.7154,0.3262,1.3145,1.2859,-0.6711,2025-12-24
10009747,500ETF购3月7500,0.2751,44.87,26.26,12.53,0.4773,0.2803,2.1085,1.5995,-0.5655,2026-03-25
10009775,科创板50购12月1350,0.1097,44.72,12.41,7.02,0.5662,1.2535,0.2872,0.1836,-0.2228,2025-12-24
10009887,科创板50购3月1550,0.091,44.67,14.96,6.1,0.4079,0.9054,0.3872,0.2412,-0.1608,2026-03-25
10009737,科创板50购12月1300,0.1306,44.31,10.42,6.56,0.6294,1.2035,0.2758,0.2011,-0.2151,2025-12-24
10009909,300ETF购10月4300,0.3716,44.03,12.54,10.73,0.8558,0.6078,0.359,0.4134,-0.4151,2025-10-22
10009677,500ETF购3月7250,0.3498,42.83,20.65,11.28,0.546,0.2789,2.0978,1.808,-0.5679,2026-03-25
10009309,科创50购12月1300,0.1511,42.55,9.22,6.14,0.6659,1.1193,0.2719,0.2151,-0.2152,2025-12-24
10010013,500ETF购3月8250,0.1369,42.16,52.77,15.52,0.2941,0.2425,1.8239,1.0128,-0.4802,2026-03-25
10008853,科创50购9月1150,0.243,42.11,5.73,5.67,0.9892,0.2398,0.0078,0.0435,-0.0587,2025-09-24
10009831,500ETF购3月8000,0.168,41.77,43.0,15.05,0.3501,0.2607,1.961,1.1962,-0.5189,2026-03-25
10009631,300ETF购12月4600,0.2195,41.61,21.23,12.26,0.5773,0.6627,0.9783,0.6951,-0.4331,2025-12-24
10009943,科创50购10月1150,0.2432,41.56,5.73,5.25,0.9166,0.746,0.0725,0.1178,-0.1502,2025-10-22
10008837,500ETF购9月6500,0.712,41.55,10.15,9.94,0.9796,0.1299,0.0698,0.2434,-0.3264,2025-09-24
10010005,科创板50购3月1600,0.08,41.34,17.01,6.28,0.3693,0.8799,0.3763,0.2203,-0.1559,2026-03-25
10009861,科创板50购3月1450,0.1151,40.37,11.82,5.81,0.4915,0.9301,0.3978,0.2847,-0.166,2026-03-25
10009297,科创板50购12月1250,0.1549,40.18,8.79,6.08,0.6916,1.1214,0.2569,0.2172,-0.2017,2025-12-24
10008905,50ETF购9月2950,0.1779,39.53,17.55,16.22,0.9244,1.1294,0.0871,0.1039,-0.2693,2025-09-24
10009777,科创板50购3月1350,0.1479,39.13,9.2,5.35,0.5814,0.9109,0.3896,0.3285,-0.1638,2026-03-25
10009676,500ETF购3月7000,0.4397,39.1,16.43,10.11,0.6156,0.2689,2.0226,2.011,-0.554,2026-03-25
10009279,科创50购12月1250,0.1787,38.53,7.8,5.65,0.7247,1.0269,0.2494,0.2299,-0.1989,2025-12-24
10009783,科创50购3月1400,0.1455,38.18,9.57,5.42,0.5658,0.8859,0.4017,0.3278,-0.1706,2026-03-25
10009609,300ETF购12月4500,0.274,38.17,17.01,10.95,0.6437,0.6311,0.9317,0.768,-0.4172,2025-12-24
10009296,科创板50购12月1200,0.1846,37.76,7.37,5.54,0.7509,1.0104,0.2315,0.2313,-0.1834,2025-12-24
10009994,科创50购3月1650,0.079,37.15,17.63,6.41,0.3633,0.8449,0.3831,0.2216,-0.1605,2026-03-25
10009871,300ETF购3月5000,0.1427,37.08,32.66,12.73,0.3898,0.4754,1.31,0.8673,-0.3091,2026-03-25
10009823,300ETF购3月4900,0.1713,37.04,27.2,11.84,0.4352,0.4878,1.3443,0.9624,-0.319,2026-03-25
10009892,50ETF购10月3000,0.153,36.85,20.41,14.98,0.7343,1.5012,0.3473,0.245,-0.3389,2025-10-22
10009961,科创板50购10月1100,0.2596,36.63,5.24,4.92,0.9386,0.6113,0.056,0.1161,-0.1177,2025-10-22
10009845,科创50购3月1450,0.1276,36.47,10.92,5.7,0.5221,0.8968,0.4066,0.3063,-0.172,2026-03-25
10009278,科创50购12月1200,0.2117,36.32,6.58,5.13,0.7799,0.9111,0.2213,0.2424,-0.1782,2025-12-24
10009675,500ETF购3月6750,0.5546,36.27,13.03,8.91,0.684,0.2504,1.8832,2.1996,-0.5237,2026-03-25
10009462,300ETF购9月4200,0.4602,36.15,10.13,10.01,0.9887,0.1377,0.0271,0.159,-0.1372,2025-09-24
10008871,科创板50购9月1100,0.2583,35.95,5.27,5.24,0.995,0.126,0.0038,0.0419,-0.0357,2025-09-24
10008819,300ETF购9月4205A,0.4526,35.92,10.3,10.17,0.9879,0.1459,0.0287,0.159,-0.1422,2025-09-24
10009753,科创50购3月1350,0.1646,35.92,8.46,5.16,0.6101,0.8637,0.3916,0.3487,-0.167,2026-03-25
10009739,科创板50购3月1300,0.1642,35.48,8.29,5.2,0.6275,0.8824,0.3774,0.3494,-0.1594,2026-03-25
10009927,500ETF购10月6500,0.6809,35.37,10.61,9.43,0.8891,0.2875,0.4634,0.6504,-0.6138,2025-10-22
10009879,科创50购3月1550,0.1005,35.26,13.86,6.08,0.439,0.8876,0.4025,0.2631,-0.1693,2026-03-25
10009799,300ETF购3月4800,0.2042,35.14,22.82,11.01,0.4824,0.4939,1.361,1.0597,-0.325,2026-03-25
10009623,50ETF购12月3200,0.104,35.06,30.02,13.41,0.4467,1.1446,0.6621,0.3699,-0.254,2025-12-24
10009862,科创板50购3月1500,0.0994,35.05,13.69,6.14,0.4487,0.9226,0.3946,0.2628,-0.1642,2026-03-25
10009807,科创板50购3月1400,0.1276,35.03,10.67,5.72,0.5359,0.9265,0.3963,0.3068,-0.166,2026-03-25
10009846,科创50购3月1500,0.1118,34.86,12.46,5.98,0.4797,0.897,0.4067,0.2846,-0.1716,2026-03-25
10009674,500ETF购3月6500,0.7019,34.59,10.29,7.71,0.7488,0.2242,1.6865,2.3648,-0.4785,2026-03-25
10009260,500ETF购12月6500,0.6769,34.57,10.67,8.51,0.7972,0.2715,1.094,1.4049,-0.5736,2025-12-24
10009695,科创50购3月1250,0.2079,34.13,6.7,4.68,0.6988,0.7842,0.3556,0.3867,-0.1533,2026-03-25
10009763,300ETF购3月4700,0.2431,33.64,19.17,10.18,0.5309,0.4929,1.3582,1.1576,-0.3268,2026-03-25
10009993,科创50购3月1600,0.0883,33.59,15.78,6.31,0.4001,0.8698,0.3944,0.242,-0.1655,2026-03-25
10009815,50ETF购3月3500,0.0759,33.39,41.13,10.81,0.2629,0.6912,0.7464,0.4033,-0.153,2026-03-25
10009295,科创板50购12月1150,0.2163,33.35,6.29,5.07,0.8056,0.8766,0.2009,0.2426,-0.161,2025-12-24
10008802,50ETF沽9月2400,0.0004,33.33,7805.0,0.0,0.0,0.0,0.0,0.0,0.0,2025-09-24
10008824,300ETF沽9月3814A,0.0004,33.33,11650.0,0.0,0.0,0.0001,0.0,0.0,0.0,2025-09-24
10008825,300ETF沽9月3912A,0.0004,33.33,11650.0,0.0,0.0,0.0013,0.0003,0.0,-0.0007,2025-09-24
10009503,300ETF购12月4400,0.3357,33.06,13.88,9.82,0.7074,0.5819,0.8591,0.8353,-0.3905,2025-12-24
10009733,科创50购3月1300,0.1843,32.88,7.56,4.95,0.6547,0.8298,0.3762,0.3685,-0.1612,2026-03-25
10009277,科创50购12月1150,0.248,32.62,5.62,4.66,0.83,0.7784,0.1891,0.252,-0.1543,2025-12-24
10009908,300ETF购10月4200,0.4526,32.18,10.3,9.39,0.9123,0.4263,0.2518,0.4338,-0.3074,2025-10-22
10010019,科创50购10月1100,0.2921,32.17,4.77,4.55,0.9539,0.4701,0.0457,0.1185,-0.0996,2025-10-22
10009712,科创板50购3月1200,0.2108,32.08,6.46,4.64,0.7188,0.7866,0.3364,0.3866,-0.1439,2026-03-25
10008852,科创50购9月1100,0.2917,31.99,4.78,4.76,0.9976,0.0631,0.002,0.042,-0.0257,2025-09-24
10009294,科创板50购12月1100,0.2588,31.7,5.26,4.49,0.8542,0.7288,0.167,0.2506,-0.136,2025-12-24
10009891,50ETF购10月2950,0.1931,31.18,16.17,13.04,0.8068,1.2549,0.2903,0.2668,-0.2902,2025-10-22
10009713,科创板50购3月1250,0.1857,30.68,7.33,4.94,0.6735,0.8408,0.3596,0.369,-0.1528,2026-03-25
10009711,科创板50购3月1150,0.2397,30.63,5.68,4.33,0.7625,0.7208,0.3083,0.4018,-0.133,2026-03-25
10009481,300ETF购12月4300,0.4088,30.61,11.4,8.74,0.7664,0.5185,0.7655,0.8945,-0.3547,2025-12-24
10009694,科创50购3月1200,0.2406,30.48,5.79,4.29,0.7418,0.7276,0.3299,0.4027,-0.1433,2026-03-25
10009659,300ETF购3月4600,0.2858,30.09,16.31,9.46,0.5799,0.4844,1.3349,1.2544,-0.324,2026-03-25
10008895,50ETF购9月2900,0.2271,29.77,13.75,13.31,0.9684,0.5627,0.0434,0.1073,-0.1529,2025-09-24
10008870,科创板50购9月1050,0.3108,29.5,4.38,4.38,0.9991,0.0261,0.0008,0.0402,-0.018,2025-09-24
10009710,科创板50购3月1100,0.275,29.47,4.95,3.98,0.8038,0.6453,0.276,0.4138,-0.1204,2026-03-25
10009313,300ETF购12月4303A,0.3999,28.92,11.65,8.91,0.7647,0.5206,0.7685,0.8929,-0.3559,2025-12-24
10009791,50ETF购3月3400,0.0944,28.79,33.07,10.88,0.329,0.7664,0.8275,0.501,-0.171,2026-03-25
10009907,300ETF购10月4100,0.562,28.31,8.29,7.89,0.9511,0.2712,0.1601,0.444,-0.2144,2025-10-22
10009461,300ETF购9月4100,0.56,27.85,8.32,8.3,0.9974,0.0367,0.0072,0.1567,-0.0752,2025-09-24
10008818,300ETF购9月4107A,0.55,27.61,8.47,8.45,0.9971,0.0407,0.008,0.1569,-0.0776,2025-09-24
10009658,300ETF购3月4500,0.3375,27.55,13.81,8.68,0.6288,0.4684,1.2907,1.348,-0.3165,2026-03-25
10009276,科创50购12月1100,0.2844,27.53,4.9,4.28,0.8738,0.6374,0.1548,0.2582,-0.1286,2025-12-24
10009480,300ETF购12月4200,0.4888,26.99,9.53,7.81,0.8193,0.4453,0.6574,0.9438,-0.3125,2025-12-24
10009497,50ETF购12月3100,0.1443,26.69,21.64,12.13,0.5608,1.1415,0.6603,0.4592,-0.2574,2025-12-24
10009693,科创50购3月1150,0.262,26.63,5.32,4.16,0.783,0.6613,0.2998,0.4161,-0.1314,2026-03-25
10009692,科创50购3月1100,0.307,26.55,4.54,3.73,0.8217,0.5872,0.2663,0.4263,-0.1181,2026-03-25
10010021,科创板50购10月1050,0.3036,26.5,4.48,4.34,0.9687,0.3552,0.0326,0.1154,-0.0737,2025-10-22
10008836,500ETF购9月6250,0.9511,26.31,7.6,7.58,0.9974,0.0214,0.0115,0.2389,-0.1209,2025-09-24
10009709,科创板50购3月1050,0.3087,26.1,4.41,3.71,0.8421,0.5625,0.2406,0.4223,-0.1064,2026-03-25
10008851,科创50购9月1050,0.3402,25.54,4.09,4.09,0.9996,0.0117,0.0004,0.0402,-0.0157,2025-09-24
10009890,50ETF购10月2900,0.2372,25.44,13.16,11.41,0.8666,0.9858,0.2281,0.2835,-0.2363,2025-10-22
10009293,科创板50购12月1050,0.3002,25.08,4.53,4.06,0.8955,0.5773,0.1323,0.255,-0.1103,2025-12-24
10008805,50ETF沽9月2550,0.0005,25.0,6244.0,0.0,0.0,0.0,0.0,0.0,0.0,2025-09-24
10008869,科创板50购9月1000,0.3615,24.66,3.76,3.76,0.9999,0.0036,0.0001,0.0383,-0.0135,2025-09-24
10009729,50ETF购3月3300,0.1204,24.64,25.93,10.46,0.4032,0.8203,0.8857,0.6088,-0.1847,2026-03-25
10009656,300ETF购3月4300,0.4553,23.39,10.24,7.4,0.7228,0.4151,1.144,1.518,-0.2883,2026-03-25
10009479,300ETF购12月4100,0.5692,23.28,8.19,7.08,0.865,0.3677,0.5428,0.9818,-0.2671,2025-12-24
10008885,50ETF购9月2850,0.2758,23.24,11.32,11.2,0.989,0.2305,0.0178,0.1079,-0.0842,2025-09-24
10009691,科创50购3月1050,0.3386,22.9,4.11,3.53,0.8572,0.5079,0.2303,0.4328,-0.1037,2026-03-25
10009243,300ETF购12月4205A,0.466,22.89,10.0,8.17,0.8168,0.4491,0.663,0.9416,-0.3147,2025-12-24
10009275,科创50购12月1050,0.3314,22.29,4.2,3.83,0.9105,0.4974,0.1208,0.2608,-0.103,2025-12-24
10009657,300ETF购3月4400,0.3816,22.15,12.21,8.26,0.6766,0.4451,1.2265,1.4365,-0.3045,2026-03-25
10009460,300ETF购9月4000,0.6567,22.06,7.1,7.09,0.9996,0.0071,0.0014,0.1533,-0.0561,2025-09-24
10009889,50ETF购10月2850,0.2823,22.05,11.06,10.1,0.9129,0.7253,0.1678,0.2951,-0.1836,2025-10-22
10009317,50ETF购12月3000,0.2001,21.64,15.6,10.51,0.6734,1.044,0.6039,0.5439,-0.241,2025-12-24
10009926,500ETF购10月6250,0.9157,21.61,7.89,7.5,0.9508,0.1548,0.2495,0.6756,-0.3671,2025-10-22
10008850,科创50购9月1000,0.3898,21.43,3.57,3.57,1.0,0.0014,0.0,0.0383,-0.0131,2025-09-24
10008868,科创板50购9月950,0.411,20.88,3.31,3.31,1.0,0.0003,0.0,0.0364,-0.0123,2025-09-24
10009641,50ETF购3月3200,0.1543,20.83,20.23,9.78,0.4834,0.8446,0.9119,0.7228,-0.1925,2026-03-25
10009655,300ETF购3月4200,0.5239,20.6,8.89,6.82,0.7664,0.3796,1.046,1.5905,-0.2685,2026-03-25
10008835,500ETF购9月6000,1.205,20.14,6.0,5.99,0.9998,0.0018,0.001,0.23,-0.0811,2025-09-24
10009311,50ETF购12月2950,0.2353,19.75,13.27,9.64,0.7262,0.9639,0.5576,0.5818,-0.2261,2025-12-24
10009241,300ETF购12月4009A,0.645,19.71,7.22,6.5,0.8997,0.2977,0.4395,1.006,-0.2258,2025-12-24
10008817,300ETF购9月4009A,0.6331,19.68,7.36,7.36,0.9995,0.0084,0.0017,0.1536,-0.0569,2025-09-24
10009478,300ETF购12月4000,0.656,19.6,7.1,6.41,0.9028,0.291,0.4296,1.0079,-0.2218,2025-12-24
10009690,科创50购3月1000,0.3828,19.25,3.64,3.23,0.8889,0.4263,0.1933,0.4354,-0.0887,2026-03-25
10009708,科创板50购3月1000,0.3456,19.17,3.94,3.45,0.8765,0.4759,0.2035,0.4268,-0.0917,2026-03-25
10008801,50ETF购9月2800,0.3249,19.14,9.61,9.58,0.9968,0.0768,0.0059,0.107,-0.052,2025-09-24
10010015,50ETF购10月2800,0.3318,18.92,9.41,8.91,0.9465,0.4981,0.1153,0.3019,-0.1373,2025-10-22
10008849,科创50购9月950,0.441,18.87,3.16,3.16,1.0,0.0001,0.0,0.0364,-0.0122,2025-09-24
10009459,300ETF购9月3900,0.7551,18.35,6.17,6.17,0.9999,0.001,0.0002,0.1495,-0.0511,2025-09-24
10009477,300ETF购12月3900,0.7532,18.06,6.19,5.77,0.9329,0.2201,0.325,1.0225,-0.1795,2025-12-24
10009654,300ETF购3月4100,0.5936,17.85,7.85,6.33,0.8068,0.3397,0.9362,1.6525,-0.2458,2026-03-25
10009225,50ETF购12月2900,0.2712,17.5,11.51,8.92,0.7751,0.868,0.5021,0.6155,-0.2077,2025-12-24
10009640,50ETF购3月3100,0.195,17.4,16.01,9.08,0.5669,0.8334,0.8998,0.8379,-0.193,2026-03-25
10008867,科创板50购9月900,0.4578,17.38,2.97,2.97,1.0,0.0,0.0,0.0345,-0.0116,2025-09-24
10009653,300ETF购3月4000,0.6778,16.88,6.88,5.8,0.8434,0.2972,0.8191,1.7028,-0.2213,2026-03-25
10008839,500ETF沽9月4900,0.0007,16.67,10320.0,0.0,0.0,0.0,0.0,0.0,0.0,2025-09-24
10008816,300ETF购9月3912A,0.73,16.61,6.38,6.38,0.9999,0.0013,0.0003,0.15,-0.0514,2025-09-24
10009274,科创50购12月1000,0.3743,16.6,3.72,3.5,0.9398,0.3675,0.0893,0.2598,-0.0791,2025-12-24
10008848,科创50购9月900,0.4908,16.58,2.84,2.84,1.0,0.0,0.0,0.0345,-0.0116,2025-09-24
10009242,300ETF购12月4107A,0.5306,16.36,8.78,7.57,0.862,0.3731,0.5508,0.9795,-0.2703,2025-12-24
10009224,50ETF购12月2850,0.313,16.14,9.97,8.17,0.8194,0.7613,0.4404,0.6443,-0.1869,2025-12-24
10009259,500ETF购12月6250,0.8736,16.02,8.27,7.15,0.8652,0.2086,0.8404,1.4894,-0.4592,2025-12-24
10009292,科创板50购12月1000,0.3359,15.83,4.05,3.76,0.9289,0.4327,0.0991,0.2557,-0.0855,2025-12-24
10008834,500ETF购9月5750,1.4481,15.57,4.99,4.99,1.0,0.0001,0.0,0.2204,-0.0746,2025-09-24
10008800,50ETF购9月2750,0.3743,15.52,8.34,8.33,0.9992,0.0206,0.0016,0.1053,-0.0398,2025-09-24
10009707,科创板50购3月950,0.3917,15.21,3.47,3.15,0.9067,0.3889,0.1664,0.4269,-0.0768,2026-03-25
10009639,50ETF购3月3000,0.25,14.73,12.49,8.12,0.65,0.7848,0.8474,0.948,-0.1856,2026-03-25
10008847,科创50购9月850,0.5402,14.69,2.58,2.58,1.0,0.0,0.0,0.0326,-0.0109,2025-09-24
10008866,科创板50购9月850,0.504,14.55,2.7,2.7,1.0,0.0,0.0,0.0326,-0.0109,2025-09-24
10009457,300ETF购9月3700,0.9582,14.34,4.86,4.86,1.0,0.0,0.0,0.1418,-0.0479,2025-09-24
10008815,300ETF购9月3814A,0.8275,14.3,5.63,5.63,1.0,0.0001,0.0,0.1462,-0.0494,2025-09-24
10008799,50ETF购9月2700,0.4245,13.93,7.35,7.35,0.9999,0.0044,0.0003,0.1035,-0.0358,2025-09-24
10009673,500ETF购3月6250,0.8578,13.92,8.42,6.8,0.8079,0.1923,1.4463,2.4985,-0.4217,2026-03-25
10009223,50ETF购12月2800,0.3529,13.91,8.85,7.59,0.8583,0.6495,0.3757,0.6677,-0.1647,2025-12-24
10008814,300ETF购9月3716A,0.9323,13.42,5.0,5.0,1.0,0.0,0.0,0.1425,-0.0481,2025-09-24
10009273,科创50购12月950,0.4208,13.42,3.31,3.18,0.9619,0.255,0.0619,0.2554,-0.0583,2025-12-24
10009222,50ETF购12月2750,0.4008,13.38,7.79,6.95,0.8917,0.5382,0.3113,0.6855,-0.1424,2025-12-24
10008883,科创50购9月800,0.5905,13.34,2.36,2.36,1.0,0.0,0.0,0.0307,-0.0103,2025-09-24
10009240,300ETF购12月3912A,0.708,13.1,6.58,6.12,0.9296,0.2282,0.3369,1.0213,-0.1843,2025-12-24
10008865,科创板50购9月800,0.554,13.06,2.46,2.46,1.0,0.0,0.0,0.0307,-0.0103,2025-09-24
10009291,科创板50购12月950,0.3841,12.97,3.54,3.38,0.9545,0.3046,0.0698,0.2526,-0.0634,2025-12-24
10009689,科创50购3月950,0.4185,12.8,3.33,3.05,0.9165,0.3458,0.1568,0.4337,-0.0739,2026-03-25
10009215,科创板50购9月750,0.609,12.78,2.23,2.23,1.0,0.0,0.0,0.0288,-0.0096,2025-09-24
10009638,50ETF购3月2950,0.28,12.77,11.15,7.7,0.6902,0.7473,0.8068,0.9991,-0.179,2026-03-25
10009458,300ETF购9月3800,0.8318,12.71,5.6,5.6,1.0,0.0001,0.0,0.1457,-0.0492,2025-09-24
10009637,50ETF购3月2900,0.3168,12.7,9.85,7.18,0.7289,0.702,0.7579,1.0465,-0.1708,2026-03-25
10008813,300ETF购9月3618A,1.036,12.61,4.5,4.5,1.0,0.0,0.0,0.1387,-0.0468,2025-09-24
10008827,300ETF沽9月4107A,0.0009,12.5,5177.78,14.5,-0.0028,0.0407,0.008,-0.0004,-0.0244,2025-09-24
10009476,300ETF购12月3800,0.8299,12.45,5.62,5.37,0.9557,0.1586,0.2341,1.0264,-0.1424,2025-12-24
10009205,科创50购9月750,0.642,12.43,2.17,2.17,1.0,0.0,0.0,0.0288,-0.0096,2025-09-24
10009221,50ETF购12月2700,0.4458,12.18,7.0,6.44,0.9195,0.4325,0.2502,0.6977,-0.1211,2025-12-24
10008833,500ETF购9月5500,1.685,12.11,4.29,4.29,1.0,0.0,0.0,0.2109,-0.0712,2025-09-24
10009755,300ETF购3月3700,0.9392,12.08,4.96,4.6,0.9277,0.1706,0.47,1.7772,-0.1463,2026-03-25
10008798,50ETF购9月2650,0.4729,12.06,6.6,6.6,1.0,0.0007,0.0001,0.1016,-0.0344,2025-09-24
10010017,500ETF购10月5750,1.4041,12.06,5.14,5.12,0.9949,0.0224,0.0361,0.6563,-0.116,2025-10-22
10009636,50ETF购3月2850,0.3501,11.89,8.92,6.83,0.7657,0.6501,0.7019,1.0895,-0.1611,2026-03-25
10009706,科创板50购3月900,0.4354,11.64,3.13,2.91,0.9322,0.3056,0.1307,0.4225,-0.0624,2026-03-25
10009688,科创50购3月900,0.4697,11.57,2.97,2.79,0.9396,0.2697,0.1223,0.4277,-0.0598,2026-03-25
10009272,科创50购12月900,0.4691,11.43,2.97,2.9,0.9775,0.1646,0.04,0.2481,-0.0413,2025-12-24
10009455,300ETF购9月3500,1.1545,11.22,4.04,4.04,1.0,0.0,0.0,0.1342,-0.0453,2025-09-24
10008832,500ETF购9月5250,1.9478,11.11,3.71,3.71,1.0,0.0,0.0,0.2013,-0.068,2025-09-24
10008797,50ETF购9月2600,0.525,10.83,5.95,5.95,1.0,0.0001,0.0,0.0997,-0.0336,2025-09-24
10009634,50ETF购3月2750,0.4324,10.79,7.22,6.01,0.8317,0.5327,0.5752,1.1599,-0.1384,2026-03-25
10009271,科创50购12月850,0.5202,10.45,2.68,2.65,0.9878,0.0978,0.0238,0.2383,-0.0286,2025-12-24
10009925,500ETF购10月6000,1.1059,10.26,6.53,6.42,0.9822,0.0667,0.1076,0.6741,-0.2014,2025-10-22
10009633,50ETF购3月2700,0.4747,10.22,6.58,5.66,0.8604,0.4706,0.5081,1.1866,-0.1262,2026-03-25
10009220,50ETF购12月2650,0.488,10.03,6.4,6.03,0.9419,0.3365,0.1946,0.7047,-0.1015,2025-12-24
10009456,300ETF购9月3600,1.03,9.81,4.52,4.52,1.0,0.0,0.0,0.138,-0.0466,2025-09-24
10009474,300ETF购12月3600,1.03,9.81,4.52,4.45,0.9834,0.07,0.1034,1.0084,-0.0879,2025-12-24
10009635,50ETF购3月2800,0.3857,9.73,8.09,6.48,0.8,0.5931,0.6404,1.1274,-0.1502,2026-03-25
10009219,50ETF购12月2600,0.5381,9.68,5.8,5.57,0.9593,0.253,0.1463,0.7069,-0.0843,2025-12-24
10009651,300ETF购3月3800,0.8173,9.45,5.7,5.15,0.904,0.211,0.5815,1.7652,-0.1705,2026-03-25
10009321,科创50购12月800,0.5698,9.37,2.44,2.43,0.9939,0.0527,0.0128,0.2267,-0.0198,2025-12-24
10009473,300ETF购12月3500,1.1348,9.33,4.11,4.07,0.9906,0.0426,0.0629,0.99,-0.0704,2025-12-24
10009319,科创板50购12月800,0.5356,9.31,2.54,2.52,0.9926,0.0655,0.015,0.2261,-0.0213,2025-12-24
10009705,科创板50购3月850,0.4805,9.2,2.83,2.7,0.9529,0.2293,0.0981,0.4138,-0.0492,2026-03-25
10009236,300ETF购12月3520A,1.1096,9.0,4.2,4.16,0.9895,0.0473,0.0698,0.9941,-0.0734,2025-12-24
10009290,科创板50购12月900,0.4246,8.87,3.21,3.12,0.9729,0.1994,0.0457,0.2463,-0.0451,2025-12-24
10009687,科创50购3月850,0.5126,8.83,2.72,2.6,0.9582,0.201,0.0911,0.4174,-0.0469,2026-03-25
10009217,50ETF购12月2500,0.6336,8.79,4.93,4.84,0.982,0.1281,0.0741,0.6997,-0.058,2025-12-24
10009218,50ETF购12月2550,0.5855,8.79,5.33,5.19,0.9725,0.1835,0.1061,0.705,-0.0698,2025-12-24
10009193,500ETF购9月4700,2.5035,8.71,2.89,2.89,1.0,0.0,0.0,0.1802,-0.0609,2025-09-24
10009258,500ETF购12月6000,1.09,8.67,6.63,6.08,0.9174,0.1465,0.5903,1.5359,-0.3446,2025-12-24
10009235,300ETF购12月3423A,1.2107,8.58,3.85,3.83,0.9942,0.0278,0.041,0.973,-0.0606,2025-12-24
10009475,300ETF购12月3700,0.905,8.0,5.15,5.01,0.9721,0.1084,0.1601,1.0211,-0.1117,2025-12-24
10008795,50ETF购9月2500,0.6183,7.94,5.05,5.05,1.0,0.0,0.0,0.0958,-0.0323,2025-09-24
10009652,300ETF购3月3900,0.713,7.93,6.54,5.72,0.8759,0.2538,0.6993,1.7405,-0.1958,2026-03-25
10008812,300ETF购9月3520A,1.0984,7.9,4.24,4.24,1.0,0.0,0.0,0.1349,-0.0455,2025-09-24
10008796,50ETF购9月2550,0.5639,7.86,5.54,5.54,1.0,0.0,0.0,0.0978,-0.033,2025-09-24
10008794,50ETF购9月2450,0.6706,7.81,4.66,4.66,1.0,0.0,0.0,0.0939,-0.0317,2025-09-24
10009289,科创板50购12月850,0.4738,7.68,2.87,2.83,0.9851,0.12,0.0275,0.2373,-0.0311,2025-12-24
10009237,300ETF购12月3618A,0.9894,7.54,4.71,4.62,0.9817,0.0761,0.1124,1.0112,-0.0917,2025-12-24
10008831,500ETF购9月5000,2.1486,7.27,3.36,3.36,1.0,0.0,0.0,0.1917,-0.0647,2025-09-24
10008811,300ETF购9月3423A,1.1951,7.18,3.9,3.9,1.0,0.0,0.0,0.1312,-0.0443,2025-09-24
10009180,300ETF购9月3325A,1.2995,7.13,3.59,3.59,1.0,0.0,0.0,0.1275,-0.043,2025-09-24
10008793,50ETF购9月2400,0.7188,6.81,4.34,4.34,1.0,0.0,0.0,0.092,-0.031,2025-09-24
10009163,50ETF购9月2350,0.7728,6.8,4.04,4.04,1.0,0.0,0.0,0.0901,-0.0304,2025-09-24
10009179,300ETF购9月3227A,1.3941,6.34,3.34,3.34,1.0,0.0,0.0,0.1237,-0.0417,2025-09-24
10008830,500ETF购9月4900,2.2352,6.29,3.23,3.23,1.0,0.0,0.0,0.1879,-0.0634,2025-09-24
10008829,500ETF购9月4800,2.3208,5.35,3.11,3.11,1.0,0.0,0.0,0.184,-0.0621,2025-09-24
10009257,500ETF购12月5750,1.3115,4.67,5.51,5.25,0.9538,0.0931,0.375,1.546,-0.2445,2025-12-24
10009672,500ETF购3月6000,1.0413,3.82,6.94,5.96,0.8594,0.1571,1.1817,2.5943,-0.3579,2026-03-25
10009244,300ETF沽12月3423A,0.0031,3.33,1503.23,8.57,-0.0057,0.0278,0.041,-0.0079,-0.0164,2025-12-24
10009256,500ETF购12月5500,1.5262,1.54,4.73,4.62,0.9768,0.0528,0.2126,1.5254,-0.1679,2025-12-24
10009307,500ETF购12月4800,2.23,1.23,3.24,3.23,0.9983,0.0051,0.0207,1.3721,-0.0714,2025-12-24
10009255,500ETF购12月5250,1.7724,1.11,4.08,4.03,0.9897,0.0263,0.106,1.4821,-0.1162,2025-12-24
10009254,500ETF购12月5000,2.0039,0.04,3.6,3.59,0.996,0.0113,0.0457,1.4243,-0.0854,2025-12-24
10008840,500ETF沽9月5000,0.0006,0.0,12040.0,0.0,0.0,0.0,0.0,0.0,0.0,2025-09-24
10008803,50ETF沽9月2450,0.0003,0.0,10406.67,0.0,0.0,0.0,0.0,0.0,0.0,2025-09-24
10008804,50ETF沽9月2500,0.0003,0.0,10406.67,0.0,0.0,0.0,0.0,0.0,0.0,2025-09-24
10008806,50ETF沽9月2600,0.0004,0.0,7805.0,0.0,0.0,0.0001,0.0,0.0,0.0,2025-09-24
10008807,50ETF沽9月2650,0.0006,0.0,5203.33,0.0,0.0,0.0007,0.0001,0.0,-0.0001,2025-09-24
10008858,科创50沽9月950,0.0002,0.0,6965.0,0.0,0.0,0.0001,0.0,0.0,0.0,2025-09-24
10008857,科创50沽9月900,0.0002,0.0,6965.0,0.0,0.0,0.0,0.0,0.0,0.0,2025-09-24
10008874,科创板50沽9月800,0.0002,0.0,6805.0,0.0,0.0,0.0,0.0,0.0,0.0,2025-09-24
10009482,300ETF沽12月3500,0.0041,0.0,1136.59,10.57,-0.0093,0.0426,0.0629,-0.013,-0.0251,2025-12-24
10008822,300ETF沽9月3618A,0.0002,0.0,23300.0,0.0,0.0,0.0,0.0,0.0,0.0,2025-09-24
10008826,300ETF沽9月4009A,0.0007,0.0,6657.14,2.66,-0.0004,0.0084,0.0017,0.0,-0.005,2025-09-24
10008884,科创50沽9月800,0.0002,0.0,6965.0,0.0,0.0,0.0,0.0,0.0,0.0,2025-09-24
10009464,300ETF沽9月3500,0.0002,0.0,23300.0,0.0,0.0,0.0,0.0,0.0,0.0,2025-09-24
10009206,科创50沽9月750,0.0002,0.0,6965.0,0.0,0.0,0.0,0.0,0.0,0.0,2025-09-24
10009181,300ETF沽9月3227A,0.0002,0.0,23300.0,0.0,0.0,0.0,0.0,0.0,0.0,2025-09-24
10008856,科创50沽9月850,0.0002,0.0,6965.0,0.0,0.0,0.0,0.0,0.0,0.0,2025-09-24
10009182,300ETF沽9月3325A,0.0002,0.0,23300.0,0.0,0.0,0.0,0.0,0.0,0.0,2025-09-24
10009772,500ETF沽3月7750,1.2253,-0.02,5.9,3.47,-0.5884,0.2738,2.0598,-2.7393,-0.4485,2026-03-25
10009253,500ETF购12月4900,2.1,-0.14,3.44,3.43,0.9974,0.0077,0.0312,1.3987,-0.0775,2025-12-24
10009239,300ETF购12月3814A,0.7168,-0.99,6.5,6.19,0.9529,0.1665,0.2459,1.0264,-0.1472,2025-12-24
10009832,500ETF沽3月8000,1.4361,-1.04,5.03,3.27,-0.6498,0.2607,1.961,-3.0698,-0.4158,2026-03-25
10009995,科创50沽3月1600,0.3684,-1.23,3.78,2.27,-0.5998,0.8698,0.3944,-0.6111,-0.1449,2026-03-25
10009671,500ETF购3月5750,1.2299,-1.84,5.87,5.3,0.9022,0.1215,0.9142,2.6485,-0.2924,2026-03-25
10009670,500ETF购3月5500,1.4599,-2.87,4.95,4.63,0.9357,0.0884,0.6652,2.6606,-0.2304,2026-03-25
10009227,50ETF沽12月2550,0.0067,-2.9,465.97,12.77,-0.0274,0.1835,0.1061,-0.0257,-0.0368,2025-12-24
10009238,300ETF购12月3716A,0.7916,-3.7,5.89,5.71,0.9699,0.1156,0.1707,1.0225,-0.1162,2025-12-24
10009669,500ETF购3月5250,1.6848,-3.89,4.29,4.12,0.9605,0.06,0.4515,2.6333,-0.1764,2026-03-25
10009245,300ETF沽12月3520A,0.0041,-4.65,1136.59,11.82,-0.0104,0.0473,0.0698,-0.0147,-0.0279,2025-12-24
10009471,300ETF沽9月4200,0.0018,-5.26,2588.89,29.0,-0.0112,0.1377,0.0271,-0.002,-0.0827,2025-09-24
10009816,50ETF沽3月3500,0.4251,-5.95,7.34,5.41,-0.737,0.6912,0.7464,-1.463,-0.1079,2026-03-25
10009226,50ETF沽12月2500,0.0056,-6.67,557.5,9.98,-0.0179,0.1281,0.0741,-0.0167,-0.0257,2025-12-24
10009792,50ETF沽3月3400,0.3425,-7.16,9.12,6.12,-0.6709,0.7664,0.8275,-1.312,-0.1272,2026-03-25
10009730,50ETF沽3月3300,0.27,-7.66,11.56,6.9,-0.5967,0.8203,0.8857,-1.1509,-0.1422,2026-03-25
10009814,50ETF沽12月3500,0.4014,-8.23,7.78,6.43,-0.8273,0.7398,0.4279,-0.8567,-0.1147,2025-12-24
10009790,50ETF沽12月3400,0.3172,-8.64,9.84,7.4,-0.7522,0.9153,0.5294,-0.7658,-0.1552,2025-12-24
10009824,300ETF沽3月4900,0.4555,-9.23,10.23,5.78,-0.5647,0.4878,1.3443,-1.6505,-0.2558,2026-03-25
10009714,科创板50沽3月850,0.0078,-9.3,174.49,8.2,-0.047,0.2293,0.0981,-0.0394,-0.0382,2026-03-25
10009650,50ETF沽3月3200,0.203,-9.74,15.38,7.94,-0.5165,0.8446,0.9119,-0.9835,-0.1513,2026-03-25
10009228,50ETF沽12月2600,0.0082,-9.89,380.73,15.46,-0.0406,0.253,0.1463,-0.0382,-0.0506,2025-12-24
10009696,科创50沽3月850,0.0071,-10.13,196.2,8.18,-0.0417,0.201,0.0911,-0.0357,-0.036,2026-03-25
10010012,500ETF沽12月8250,1.3454,-10.43,5.37,4.27,-0.7951,0.273,1.1002,-1.9709,-0.4243,2025-12-24
10009905,50ETF沽10月3400,0.2973,-10.64,10.5,9.21,-0.8774,0.9289,0.2149,-0.348,-0.1533,2025-10-22
10010020,科创50沽10月1100,0.005,-10.71,278.6,12.82,-0.046,0.4701,0.0457,-0.0078,-0.0854,2025-10-22
10009649,50ETF沽3月3100,0.1492,-10.77,20.92,9.06,-0.433,0.8334,0.8998,-0.8151,-0.153,2026-03-25
10009906,50ETF沽10月3500,0.383,-10.93,8.15,7.68,-0.9425,0.5267,0.1219,-0.382,-0.066,2025-10-22
10009728,50ETF沽12月3300,0.2359,-10.98,13.23,8.73,-0.6598,1.0609,0.6136,-0.6614,-0.1901,2025-12-24
10008842,500ETF沽9月5500,0.0008,-11.11,9030.0,0.0,0.0,0.0,0.0,0.0,0.0,2025-09-24
10009308,500ETF沽12月4800,0.0055,-11.29,1313.45,2.1,-0.0016,0.0051,0.0207,-0.0035,-0.0094,2025-12-24
10009229,50ETF沽12月2650,0.0102,-11.3,306.08,17.75,-0.058,0.3365,0.1946,-0.0547,-0.0672,2025-12-24
10009812,50ETF沽9月3500,0.379,-11.45,8.24,8.22,-0.9973,0.0634,0.0049,-0.1338,0.0321,2025-09-24
10009483,300ETF沽12月3600,0.0053,-11.67,879.25,14.51,-0.0165,0.07,0.1034,-0.0233,-0.0413,2025-12-24
10009648,50ETF沽3月3000,0.1036,-11.83,30.14,10.54,-0.3499,0.7848,0.8474,-0.6517,-0.1469,2026-03-25
10009996,科创50沽3月1650,0.3653,-12.17,3.81,2.43,-0.6366,0.8449,0.3831,-0.6581,-0.1392,2026-03-25
10010014,500ETF沽3月8250,1.47,-12.2,4.91,3.47,-0.7058,0.2425,1.8239,-3.3865,-0.3739,2026-03-25
10010006,科创板50沽3月1600,0.3501,-12.32,3.89,2.45,-0.6306,0.8799,0.3763,-0.6328,-0.1353,2026-03-25
10009262,500ETF沽12月4900,0.0064,-12.33,1128.75,2.82,-0.0025,0.0077,0.0312,-0.0055,-0.0142,2025-12-24
10010004,科创板50沽12月1600,0.32,-12.42,4.25,3.04,-0.7156,1.0804,0.2476,-0.3614,-0.1686,2025-12-24
10009872,300ETF沽3月5000,0.5075,-12.45,9.18,5.6,-0.6101,0.4754,1.31,-1.7989,-0.2447,2026-03-25
10009880,科创50沽3月1550,0.29,-12.6,4.8,2.69,-0.5609,0.8876,0.4025,-0.5634,-0.1493,2026-03-25
10009715,科创板50沽3月900,0.0116,-12.78,117.33,7.94,-0.0677,0.3056,0.1307,-0.0573,-0.0508,2026-03-25
10009624,50ETF沽12月3200,0.1668,-12.81,18.72,10.35,-0.5532,1.1446,0.6621,-0.5471,-0.2126,2025-12-24
10009800,300ETF沽3月4800,0.3745,-13.01,12.44,6.44,-0.5175,0.4939,1.361,-1.4999,-0.2631,2026-03-25
10009263,500ETF沽12月5000,0.0079,-13.19,914.43,3.57,-0.0039,0.0113,0.0457,-0.0086,-0.0208,2025-12-24
10009888,科创板50沽3月1550,0.3099,-13.27,4.39,2.6,-0.592,0.9054,0.3872,-0.5853,-0.1408,2026-03-25
10009848,科创50沽3月1500,0.2528,-13.34,5.51,2.87,-0.5202,0.897,0.4067,-0.5152,-0.1522,2026-03-25
10009886,科创板50沽12月1550,0.2773,-13.59,4.91,3.27,-0.6672,1.1576,0.2652,-0.3314,-0.1832,2025-12-24
10009642,50ETF沽3月2700,0.0297,-13.66,105.12,14.66,-0.1395,0.4706,0.5081,-0.2531,-0.0914,2026-03-25
10009991,科创50沽12月1600,0.2903,-13.73,4.8,3.25,-0.6775,1.1034,0.268,-0.3467,-0.187,2025-12-24
10009647,50ETF沽3月2950,0.0846,-13.85,36.9,11.43,-0.3097,0.7473,0.8068,-0.5739,-0.141,2026-03-25
10009645,50ETF沽3月2850,0.0566,-14.11,55.16,12.92,-0.2342,0.6501,0.7019,-0.4302,-0.1243,2026-03-25
10009992,科创50沽12月1650,0.326,-14.14,4.27,3.09,-0.7232,1.0294,0.25,-0.3762,-0.172,2025-12-24
10009697,科创50沽3月900,0.0103,-14.17,135.24,8.16,-0.0603,0.2697,0.1223,-0.0522,-0.0482,2026-03-25
10009469,300ETF沽9月4000,0.0006,-14.29,7766.67,2.33,-0.0003,0.0071,0.0014,0.0,-0.0042,2025-09-24
10009864,科创板50沽3月1500,0.2706,-14.34,5.03,2.77,-0.5512,0.9226,0.3946,-0.537,-0.1449,2026-03-25
10009646,50ETF沽3月2900,0.069,-14.81,45.25,12.26,-0.271,0.702,0.7579,-0.4999,-0.1334,2026-03-25
10009863,科创板50沽3月1450,0.2347,-14.87,5.8,2.95,-0.5084,0.9301,0.3978,-0.4884,-0.1474,2026-03-25
10009718,科创板50沽3月1050,0.0353,-14.94,38.56,6.08,-0.1578,0.5625,0.2406,-0.1375,-0.0929,2026-03-25
10009788,50ETF沽9月3400,0.279,-14.94,11.19,10.98,-0.9811,0.3645,0.0281,-0.128,-0.0322,2025-09-24
10009230,50ETF沽12月2700,0.013,-15.03,240.15,19.31,-0.0804,0.4325,0.2502,-0.076,-0.0862,2025-12-24
10009644,50ETF沽3月2800,0.045,-15.41,69.38,13.87,-0.1999,0.5931,0.6404,-0.3656,-0.1141,2026-03-25
10009643,50ETF沽3月2750,0.0367,-15.44,85.07,14.31,-0.1682,0.5327,0.5752,-0.3064,-0.103,2026-03-25
10009701,科创50沽3月1100,0.0437,-15.47,31.88,5.68,-0.1782,0.5872,0.2663,-0.1602,-0.1039,2026-03-25
10009764,300ETF沽3月4700,0.3068,-15.48,15.19,7.12,-0.469,0.4929,1.3582,-1.3486,-0.2662,2026-03-25
10009484,300ETF沽12月3700,0.0076,-15.56,613.16,17.05,-0.0278,0.1084,0.1601,-0.0392,-0.0639,2025-12-24
10009498,50ETF沽12月3100,0.1088,-15.72,28.69,12.6,-0.4391,1.1415,0.6603,-0.4291,-0.2173,2025-12-24
10009668,300ETF沽3月4600,0.252,-15.78,18.49,7.77,-0.42,0.4844,1.3349,-1.1985,-0.2647,2026-03-25
10008828,300ETF沽9月4205A,0.0016,-15.79,2912.5,34.95,-0.012,0.1459,0.0287,-0.0021,-0.0877,2025-09-24
10009231,50ETF沽12月2750,0.0169,-15.92,184.73,19.99,-0.1082,0.5382,0.3113,-0.1026,-0.1069,2025-12-24
10009716,科创板50沽3月950,0.0169,-15.92,80.53,7.51,-0.0932,0.3889,0.1664,-0.0796,-0.0646,2026-03-25
10009878,科创50沽12月1550,0.2465,-15.96,5.65,3.54,-0.6273,1.164,0.2827,-0.316,-0.1995,2025-12-24
10009870,300ETF沽12月5000,0.445,-16.05,10.47,7.1,-0.6781,0.6068,0.8959,-1.0349,-0.3212,2025-12-24
10009722,科创板50沽3月1250,0.1114,-16.11,12.22,3.99,-0.3264,0.8408,0.3596,-0.2975,-0.1367,2026-03-25
10009830,500ETF沽12月8000,1.0649,-16.22,6.78,4.95,-0.7293,0.3183,1.2827,-1.7764,-0.5182,2025-12-24
10009667,300ETF沽3月4500,0.2056,-16.25,22.67,8.41,-0.3711,0.4684,1.2907,-1.0516,-0.2585,2026-03-25
10009748,500ETF沽3月7500,0.862,-16.34,8.38,4.38,-0.5226,0.2803,2.1085,-2.3999,-0.4689,2026-03-25
10009860,科创板50沽12月1500,0.232,-16.55,5.87,3.6,-0.6141,1.2186,0.2792,-0.3003,-0.195,2025-12-24
10009904,50ETF沽10月3300,0.1998,-16.61,15.63,12.02,-0.769,1.3927,0.3222,-0.2994,-0.255,2025-10-22
10009740,科创板50沽3月1300,0.1392,-16.65,9.78,3.64,-0.3724,0.8824,0.3774,-0.3437,-0.1427,2026-03-25
10009194,500ETF沽9月4700,0.0005,-16.67,14448.0,0.0,0.0,0.0,0.0,0.0,0.0,2025-09-24
10008838,500ETF沽9月4800,0.0005,-16.67,14448.0,0.0,0.0,0.0,0.0,0.0,0.0,2025-09-24
10009847,科创50沽3月1450,0.2108,-16.84,6.61,3.16,-0.4778,0.8968,0.4066,-0.4668,-0.1534,2026-03-25
10009717,科创板50沽3月1000,0.0251,-16.89,54.22,6.69,-0.1234,0.4759,0.2035,-0.1064,-0.0788,2026-03-25
10009246,300ETF沽12月3618A,0.0054,-16.92,862.96,15.71,-0.0182,0.0761,0.1124,-0.0257,-0.0449,2025-12-24
10009770,500ETF沽12月7750,0.8664,-17.27,8.34,5.43,-0.6517,0.3555,1.4324,-1.5623,-0.5977,2025-12-24
10010010,500ETF沽10月8250,1.12,-17.42,6.45,5.92,-0.9186,0.2287,0.3686,-0.883,-0.3302,2025-10-22
10009808,科创板50沽3月1400,0.1956,-17.5,6.96,3.23,-0.464,0.9265,0.3963,-0.4397,-0.1479,2026-03-25
10009719,科创板50沽3月1100,0.048,-17.53,28.35,5.56,-0.1961,0.6453,0.276,-0.1727,-0.1062,2026-03-25
10010002,科创板50沽10月1600,0.2719,-17.53,5.01,4.24,-0.8475,1.1872,0.1088,-0.1616,-0.185,2025-10-22
10009318,50ETF沽12月3000,0.0657,-17.67,47.52,15.51,-0.3265,1.044,0.6039,-0.3158,-0.2022,2025-12-24
10009666,300ETF沽3月4400,0.163,-17.68,28.59,9.24,-0.3233,0.4451,1.2265,-0.9097,-0.2478,2026-03-25
10009754,科创50沽3月1350,0.1494,-17.69,9.32,3.63,-0.3898,0.8637,0.3916,-0.3711,-0.1496,2026-03-25
10009721,科创板50沽3月1200,0.0872,-17.74,15.61,4.39,-0.2811,0.7866,0.3364,-0.2532,-0.1285,2026-03-25
10009988,科创50沽10月1650,0.285,-17.75,4.89,4.18,-0.856,1.1026,0.1071,-0.1681,-0.1835,2025-10-22
10009665,300ETF沽3月4300,0.1282,-17.77,36.35,10.07,-0.2771,0.4151,1.144,-0.775,-0.2329,2026-03-25
10009784,科创50沽3月1400,0.1775,-17.86,7.85,3.41,-0.4341,0.8859,0.4017,-0.4187,-0.1525,2026-03-25
10009704,科创50沽3月1250,0.0963,-17.9,14.47,4.36,-0.3011,0.7842,0.3556,-0.2798,-0.1372,2026-03-25
10009686,500ETF沽3月7250,0.688,-17.91,10.5,4.77,-0.4539,0.2789,2.0978,-2.058,-0.4745,2026-03-25
10009822,300ETF沽12月4900,0.3666,-18.11,12.71,7.87,-0.6191,0.645,0.9523,-0.9358,-0.3488,2025-12-24
10009734,科创50沽3月1300,0.1178,-18.19,11.83,4.08,-0.3452,0.8298,0.3762,-0.3247,-0.1445,2026-03-25
10009980,300ETF沽10月5000,0.3937,-18.22,11.84,9.39,-0.7937,0.7632,0.4507,-0.4686,-0.4098,2025-10-22
10009232,50ETF沽12月2800,0.0215,-18.25,145.21,20.56,-0.1416,0.6495,0.3757,-0.1347,-0.1285,2025-12-24
10009234,50ETF沽12月2900,0.038,-18.28,82.16,18.47,-0.2248,0.868,0.5021,-0.2155,-0.1702,2025-12-24
10009859,科创板50沽12月1450,0.1927,-18.35,7.06,3.93,-0.5568,1.258,0.2882,-0.2682,-0.2032,2025-12-24
10010008,500ETF沽9月8250,1.0569,-18.35,6.84,6.79,-0.9935,0.0472,0.0254,-0.3144,0.0176,2025-09-24
10009485,300ETF沽12月3800,0.0111,-18.38,419.82,18.56,-0.0442,0.1586,0.2341,-0.0626,-0.0932,2025-12-24
10009664,300ETF沽3月4200,0.0989,-18.4,47.12,11.0,-0.2335,0.3796,1.046,-0.6491,-0.2144,2026-03-25
10009778,科创板50沽3月1350,0.1638,-18.51,8.31,3.48,-0.4185,0.9109,0.3896,-0.3913,-0.1464,2026-03-25
10009700,科创50沽3月1050,0.0303,-18.55,45.97,6.56,-0.1427,0.5079,0.2303,-0.127,-0.0901,2026-03-25
10009661,300ETF沽3月3900,0.0426,-18.7,109.39,13.56,-0.124,0.2538,0.6993,-0.3391,-0.1456,2026-03-25
10009702,科创50沽3月1150,0.0574,-18.7,24.27,5.26,-0.2169,0.6613,0.2998,-0.197,-0.1166,2026-03-25
10009987,科创50沽10月1600,0.243,-18.7,5.73,4.61,-0.8035,1.3466,0.1308,-0.1547,-0.2298,2025-10-22
10009942,500ETF沽10月8000,0.9045,-18.74,7.99,6.83,-0.855,0.3463,0.5582,-0.8041,-0.5602,2025-10-22
10009685,500ETF沽3月7000,0.5356,-19.18,13.49,5.18,-0.3843,0.2689,2.0226,-1.7217,-0.4638,2026-03-25
10010001,科创板50沽10月1550,0.2279,-19.44,5.97,4.72,-0.7905,1.4495,0.1328,-0.1477,-0.2314,2025-10-22
10010022,科创板50沽10月1050,0.0033,-19.51,412.42,12.87,-0.0312,0.3552,0.0326,-0.0051,-0.0601,2025-10-22
10009843,科创50沽12月1450,0.17,-19.55,8.19,4.22,-0.5155,1.2262,0.2978,-0.2523,-0.2138,2025-12-24
10009233,50ETF沽12月2850,0.0284,-19.55,109.93,19.84,-0.1805,0.7613,0.4404,-0.1724,-0.15,2025-12-24
10009844,科创50沽12月1500,0.202,-19.55,6.9,3.95,-0.5731,1.2064,0.293,-0.2845,-0.2087,2025-12-24
10009798,300ETF沽12月4800,0.2973,-19.58,15.67,8.71,-0.5558,0.6687,0.9873,-0.8328,-0.3679,2025-12-24
10009663,300ETF沽3月4100,0.0746,-19.7,62.47,12.06,-0.1931,0.3397,0.9362,-0.5338,-0.193,2026-03-25
10009264,500ETF沽12月5250,0.0118,-19.73,612.2,6.24,-0.0102,0.0263,0.106,-0.0224,-0.0483,2025-12-24
10009756,300ETF沽3月3700,0.0234,-19.86,199.15,14.38,-0.0722,0.1706,0.47,-0.1958,-0.0986,2026-03-25
10009684,500ETF沽3月6750,0.4051,-19.97,17.83,5.63,-0.3159,0.2504,1.8832,-1.3998,-0.4367,2026-03-25
10008880,科创板50沽9月1100,0.0008,-20.0,1701.25,8.34,-0.0049,0.126,0.0038,-0.0002,-0.0214,2025-09-24
10009247,300ETF沽12月3716A,0.0076,-20.0,613.16,18.39,-0.03,0.1156,0.1707,-0.0424,-0.0681,2025-12-24
10009662,300ETF沽3月4000,0.0565,-20.08,82.48,12.91,-0.1565,0.2972,0.8191,-0.4302,-0.1697,2026-03-25
10009720,科创板50沽3月1150,0.0658,-20.15,20.68,4.91,-0.2374,0.7208,0.3083,-0.2114,-0.1182,2026-03-25
10009806,科创板50沽12月1400,0.1568,-20.24,8.68,4.31,-0.4963,1.2709,0.2912,-0.2357,-0.2069,2025-12-24
10009699,科创50沽3月1000,0.0211,-20.38,66.02,7.33,-0.111,0.4263,0.1933,-0.0978,-0.0759,2026-03-25
10009678,500ETF沽3月5250,0.0452,-20.42,159.82,6.3,-0.0394,0.06,0.4515,-0.1662,-0.1087,2026-03-25
10009984,科创50沽9月1650,0.2655,-20.51,5.25,5.11,-0.9736,0.5135,0.0166,-0.0618,-0.0733,2025-09-24
10009312,50ETF沽12月2950,0.0495,-20.55,63.07,17.26,-0.2737,0.9639,0.5576,-0.2636,-0.1879,2025-12-24
10009679,500ETF沽3月5500,0.0672,-20.66,107.5,6.9,-0.0642,0.0884,0.6652,-0.2723,-0.1596,2026-03-25
10009998,科创板50沽9月1600,0.2503,-20.67,5.44,5.27,-0.9694,0.6023,0.0184,-0.0597,-0.0828,2025-09-24
10009726,50ETF沽9月3300,0.1829,-20.72,17.07,15.53,-0.9098,1.2889,0.0994,-0.1158,-0.228,2025-09-24
10009322,科创50沽12月800,0.0019,-20.83,733.16,4.4,-0.006,0.0527,0.0128,-0.0025,-0.0095,2025-12-24
10009682,500ETF沽3月6250,0.2123,-20.84,34.03,6.53,-0.192,0.1923,1.4463,-0.8343,-0.3412,2026-03-25
10009698,科创50沽3月950,0.0143,-20.99,97.41,8.12,-0.0834,0.3458,0.1568,-0.0728,-0.0617,2026-03-25
10009960,科创50沽10月1550,0.1998,-21.06,6.97,5.15,-0.7387,1.5813,0.1536,-0.1396,-0.2747,2025-10-22
10009680,500ETF沽3月5750,0.1003,-21.15,72.02,7.04,-0.0977,0.1215,0.9142,-0.4177,-0.2183,2026-03-25
10009681,500ETF沽3月6000,0.1451,-21.31,49.79,6.99,-0.1405,0.1571,1.1817,-0.6052,-0.2806,2026-03-25
10009746,500ETF沽12月7500,0.6555,-21.34,11.02,6.22,-0.5645,0.3786,1.5255,-1.3334,-0.6514,2025-12-24
10009703,科创50沽3月1200,0.0743,-21.38,18.75,4.84,-0.2581,0.7276,0.3299,-0.2371,-0.1278,2026-03-25
10009248,300ETF沽12月3814A,0.011,-21.43,423.64,19.91,-0.047,0.1665,0.2459,-0.0666,-0.0979,2025-12-24
10008862,科创50沽9月1150,0.0011,-21.43,1266.36,13.55,-0.0107,0.2398,0.0078,-0.0005,-0.0438,2025-09-24
10009683,500ETF沽3月6500,0.2951,-21.52,24.48,6.15,-0.2511,0.2242,1.6865,-1.1013,-0.3948,2026-03-25
10009752,科创50沽12月1350,0.1089,-21.82,12.79,5.05,-0.3946,1.1841,0.2876,-0.1882,-0.2089,2025-12-24
10009978,科创板50沽10月1500,0.1855,-21.83,7.34,5.28,-0.7201,1.695,0.1553,-0.1321,-0.2752,2025-10-22
10009660,300ETF沽3月3800,0.0307,-21.88,151.79,14.56,-0.0959,0.211,0.5815,-0.2611,-0.1215,2026-03-25
10009782,科创50沽12月1400,0.1359,-22.03,10.25,4.67,-0.4556,1.2195,0.2962,-0.22,-0.214,2025-12-24
10009776,科创板50沽12月1350,0.1245,-22.04,10.93,4.74,-0.4337,1.2535,0.2872,-0.2032,-0.2054,2025-12-24
10009762,300ETF沽12月4700,0.2317,-22.14,20.11,9.85,-0.4898,0.6752,0.9968,-0.7278,-0.3765,2025-12-24
10009828,500ETF沽9月8000,0.8055,-22.98,8.97,8.71,-0.9715,0.1711,0.0919,-0.2989,-0.2203,2025-09-24
10009903,50ETF沽10月3200,0.118,-23.03,26.46,16.31,-0.6164,1.7476,0.4043,-0.2363,-0.3357,2025-10-22
10009983,科创50沽9月1600,0.218,-23.05,6.39,6.02,-0.9425,0.9688,0.0314,-0.0583,-0.1581,2025-09-24
10009265,500ETF沽12月5500,0.0192,-23.81,376.25,8.69,-0.0231,0.0528,0.2126,-0.0508,-0.0968,2025-12-24
10009738,科创板50沽12月1300,0.0956,-23.95,14.24,5.27,-0.3705,1.2035,0.2758,-0.1714,-0.1983,2025-12-24
10009632,300ETF沽12月4600,0.1756,-24.02,26.54,11.21,-0.4226,0.6627,0.9783,-0.6232,-0.3736,2025-12-24
10009959,科创50沽10月1500,0.1578,-24.35,8.83,5.84,-0.6617,1.7783,0.1728,-0.123,-0.3127,2025-10-22
10009616,500ETF沽12月7250,0.4814,-24.63,15.01,7.06,-0.4708,0.3826,1.5416,-1.0976,-0.6696,2025-12-24
10009250,300ETF沽12月4009A,0.0234,-24.76,199.15,19.95,-0.1002,0.2977,0.4395,-0.1428,-0.174,2025-12-24
10008808,50ETF沽9月2700,0.0006,-25.0,5203.33,0.0,0.0,0.0044,0.0003,0.0,-0.0008,2025-09-24
10009320,科创板50沽12月800,0.0021,-25.0,648.1,4.73,-0.0073,0.0655,0.015,-0.003,-0.011,2025-12-24
10008809,50ETF沽9月2750,0.0006,-25.0,5203.33,3.64,-0.0007,0.0206,0.0016,0.0,-0.0041,2025-09-24
10009884,科创板50沽9月1550,0.2003,-25.18,6.79,6.34,-0.9326,1.1366,0.0347,-0.0559,-0.1756,2025-09-24
10009941,500ETF沽10月7750,0.6538,-25.21,11.05,8.41,-0.7611,0.4714,0.7598,-0.702,-0.8069,2025-10-22
10009868,300ETF沽9月5000,0.3481,-25.56,13.39,12.47,-0.9315,0.6117,0.1204,-0.1796,-0.3101,2025-09-24
10009288,科创50沽12月1250,0.0588,-25.57,23.69,6.52,-0.2752,1.0269,0.2494,-0.1282,-0.1828,2025-12-24
10009249,300ETF沽12月3912A,0.0156,-25.71,298.72,21.0,-0.0703,0.2282,0.3369,-0.0998,-0.1338,2025-12-24
10009306,科创板50沽12月1250,0.0707,-25.89,19.25,5.93,-0.3083,1.1214,0.2569,-0.1409,-0.1856,2025-12-24
10009487,300ETF沽12月4000,0.0222,-26.0,209.91,20.38,-0.0971,0.291,0.4296,-0.1384,-0.1701,2025-12-24
10009924,300ETF沽10月4900,0.2858,-26.05,16.31,11.65,-0.7148,0.9089,0.5368,-0.4173,-0.504,2025-10-22
10009486,300ETF沽12月3900,0.0149,-26.24,312.75,20.95,-0.067,0.2201,0.325,-0.0952,-0.1291,2025-12-24
10009310,科创50沽12月1300,0.08,-26.27,17.41,5.82,-0.334,1.1193,0.2719,-0.1573,-0.1984,2025-12-24
10009610,300ETF沽12月4500,0.13,-26.39,35.85,12.77,-0.3562,0.6311,0.9317,-0.5216,-0.3591,2025-12-24
10009251,300ETF沽12月4107A,0.0335,-26.54,139.1,19.18,-0.1379,0.3731,0.5508,-0.1975,-0.2173,2025-12-24
10009266,500ETF沽12月5750,0.0314,-26.64,230.06,10.61,-0.0461,0.0931,0.375,-0.1019,-0.1702,2025-12-24
10009977,科创板50沽10月1450,0.1412,-26.69,9.64,6.14,-0.6371,1.8895,0.1732,-0.1149,-0.3105,2025-10-22
10009970,科创板50沽10月1100,0.006,-26.83,226.83,13.9,-0.0613,0.6113,0.056,-0.0102,-0.1034,2025-10-22
10009508,500ETF沽12月7000,0.3405,-26.99,21.22,7.97,-0.3756,0.3648,1.4701,-0.8654,-0.6467,2025-12-24
10009958,科创50沽10月1450,0.1195,-27.66,11.66,6.7,-0.5744,1.9063,0.1852,-0.1051,-0.3383,2025-10-22
10009303,科创板50沽12月1100,0.023,-27.67,59.17,8.62,-0.1457,0.7288,0.167,-0.0645,-0.1218,2025-12-24
10009876,科创50沽9月1550,0.1702,-27.76,8.18,7.25,-0.8857,1.6265,0.0527,-0.0535,-0.2806,2025-09-24
10009952,科创50沽10月1150,0.0083,-27.83,167.83,13.98,-0.0833,0.746,0.0725,-0.0142,-0.1353,2025-10-22
10009270,500ETF沽12月6750,0.2271,-27.93,31.81,9.05,-0.2845,0.3262,1.3145,-0.6485,-0.5839,2025-12-24
10009856,科创板50沽9月1500,0.156,-28.34,8.72,7.55,-0.8657,1.8867,0.0576,-0.0507,-0.3058,2025-09-24
10009314,300ETF沽12月4303A,0.0672,-28.43,69.35,16.31,-0.2352,0.5206,0.7685,-0.3402,-0.3002,2025-12-24
10009305,科创板50沽12月1200,0.05,-28.47,27.22,6.78,-0.249,1.0104,0.2315,-0.1125,-0.1678,2025-12-24
10009504,300ETF沽12月4400,0.0931,-28.49,50.05,14.64,-0.2925,0.5819,0.8591,-0.4256,-0.3336,2025-12-24
10009488,300ETF沽12月4100,0.0315,-28.57,147.94,19.96,-0.1349,0.3677,0.5428,-0.1932,-0.2141,2025-12-24
10009287,科创50沽12月1200,0.0419,-28.62,33.25,7.31,-0.22,0.9111,0.2213,-0.1014,-0.1627,2025-12-24
10009252,300ETF沽12月4205A,0.0471,-28.64,98.94,18.12,-0.1831,0.4491,0.663,-0.2635,-0.2604,2025-12-24
10009902,50ETF沽10月3100,0.0586,-28.97,53.28,23.3,-0.4374,1.8036,0.4173,-0.1656,-0.3553,2025-10-22
10009286,科创50沽12月1150,0.0282,-28.97,49.4,8.39,-0.1699,0.7784,0.1891,-0.0775,-0.1394,2025-12-24
10009300,科创板50沽12月950,0.0061,-29.07,223.11,10.13,-0.0454,0.3046,0.0698,-0.0196,-0.0512,2025-12-24
10009489,300ETF沽12月4200,0.0458,-29.1,101.75,18.38,-0.1806,0.4453,0.6574,-0.2598,-0.2582,2025-12-24
10009490,300ETF沽12月4300,0.0659,-29.22,70.71,16.51,-0.2335,0.5185,0.7655,-0.3377,-0.2991,2025-12-24
10009940,500ETF沽10月7500,0.453,-29.44,15.95,10.15,-0.6367,0.5705,0.9196,-0.5776,-1.0072,2025-10-22
10009768,500ETF沽9月7750,0.562,-29.51,12.85,11.61,-0.9033,0.4505,0.242,-0.2709,-0.7551,2025-09-24
10009299,科创板50沽12月900,0.004,-29.82,340.25,9.19,-0.027,0.1994,0.0457,-0.0115,-0.0335,2025-12-24
10009976,科创板50沽10月1400,0.1057,-29.91,12.88,7.0,-0.5439,1.9974,0.1831,-0.0966,-0.331,2025-10-22
10009267,500ETF沽12月6000,0.0524,-29.95,137.86,11.37,-0.0825,0.1465,0.5903,-0.1836,-0.267,2025-12-24
10008861,科创50沽9月1100,0.0007,-30.0,1990.0,4.58,-0.0023,0.0631,0.002,0.0,-0.0115,2025-09-24
10009304,科创板50沽12月1150,0.0343,-30.14,39.68,7.71,-0.1943,0.8766,0.2009,-0.0869,-0.1461,2025-12-24
10009622,50ETF沽9月3200,0.094,-30.37,33.21,23.86,-0.7184,2.6759,0.2064,-0.0897,-0.5245,2025-09-24
10010016,50ETF沽10月2800,0.0041,-30.51,761.46,40.66,-0.0534,0.4981,0.1153,-0.0197,-0.101,2025-10-22
10009269,500ETF沽12月6500,0.145,-30.52,49.82,10.1,-0.2027,0.2715,1.094,-0.4579,-0.4896,2025-12-24
10009820,300ETF沽9月4900,0.2541,-31.08,18.34,15.65,-0.8533,1.0646,0.2096,-0.1622,-0.5906,2025-09-24
10009268,500ETF沽12月6250,0.0882,-31.15,81.9,11.03,-0.1347,0.2086,0.8404,-0.3018,-0.3784,2025-12-24
10009281,科创50沽12月900,0.0033,-31.25,422.12,9.46,-0.0224,0.1646,0.04,-0.0098,-0.0297,2025-12-24
10009923,300ETF沽10月4800,0.205,-31.51,22.73,14.13,-0.6218,1.0176,0.6009,-0.3595,-0.5765,2025-10-22
10009285,科创50沽12月1100,0.0188,-31.64,74.1,9.34,-0.1261,0.6374,0.1548,-0.057,-0.1144,2025-12-24
10009283,科创50沽12月1000,0.008,-32.2,174.13,10.46,-0.0601,0.3675,0.0893,-0.0267,-0.0662,2025-12-24
10009280,科创50沽12月850,0.0023,-32.35,605.65,7.33,-0.0121,0.0978,0.0238,-0.0052,-0.0176,2025-12-24
10009472,300ETF沽9月4300,0.0029,-32.56,1606.9,61.38,-0.0382,0.3855,0.0759,-0.0069,-0.2313,2025-09-24
10009957,科创50沽10月1400,0.0853,-32.62,16.33,7.84,-0.48,1.9378,0.1883,-0.0866,-0.3461,2025-10-22
10009840,科创50沽9月1500,0.1252,-33.16,11.13,8.83,-0.7938,2.4012,0.0778,-0.0469,-0.4251,2025-09-24
10008876,科创板50沽9月900,0.0002,-33.33,6805.0,0.0,0.0,0.0,0.0,0.0,0.0,2025-09-24
10008841,500ETF沽9月5250,0.0004,-33.33,18060.0,0.0,0.0,0.0,0.0,0.0,0.0,2025-09-24
10009975,科创板50沽10月1350,0.0735,-34.08,18.52,8.23,-0.4447,1.9904,0.1824,-0.0779,-0.3319,2025-10-22
10009284,科创50沽12月1050,0.0118,-34.08,118.05,10.55,-0.0894,0.4974,0.1208,-0.04,-0.0895,2025-12-24
10008892,300ETF沽9月4303A,0.0029,-34.09,1606.9,63.47,-0.0395,0.3959,0.0779,-0.0071,-0.2375,2025-09-24
10009298,科创板50沽12月850,0.0027,-34.15,504.07,7.46,-0.0148,0.12,0.0275,-0.0063,-0.0202,2025-12-24
10009302,科创板50沽12月1050,0.0144,-34.25,94.51,9.87,-0.1044,0.5773,0.1323,-0.0458,-0.0967,2025-12-24
10009855,科创板50沽9月1450,0.1115,-34.53,12.21,9.27,-0.7592,2.7164,0.083,-0.0435,-0.4503,2025-09-24
10009282,科创50沽12月950,0.0044,-35.29,316.59,12.03,-0.038,0.255,0.0619,-0.0167,-0.046,2025-12-24
10009953,科创50沽10月1200,0.0134,-35.58,103.96,14.22,-0.1368,1.0662,0.1036,-0.0236,-0.1931,2025-10-22
10008863,科创50沽9月1200,0.0027,-35.71,515.93,18.57,-0.036,0.6669,0.0216,-0.0019,-0.1217,2025-09-24
10009971,科创板50沽10月1150,0.0102,-35.85,133.43,14.37,-0.1077,0.9338,0.0856,-0.0181,-0.1578,2025-10-22
10009301,科创板50沽12月1000,0.0089,-35.97,152.92,10.86,-0.071,0.4327,0.0991,-0.0308,-0.0726,2025-12-24
10009899,50ETF沽10月2900,0.009,-36.62,346.89,46.24,-0.1333,0.9858,0.2281,-0.0496,-0.1987,2025-10-22
10009922,300ETF沽10月4700,0.138,-36.81,33.77,17.53,-0.519,1.0667,0.6299,-0.2974,-0.6132,2025-10-22
10009956,科创50沽10月1350,0.0576,-36.91,24.18,9.27,-0.3834,1.8569,0.1804,-0.0683,-0.3333,2025-10-22
10009901,50ETF沽10月3000,0.0232,-36.96,134.57,35.74,-0.2656,1.5012,0.3473,-0.0996,-0.3,2025-10-22
10008860,科创50沽9月1050,0.0005,-37.5,2786.0,0.84,-0.0003,0.0117,0.0004,0.0,-0.002,2025-09-24
10009955,科创50沽10月1300,0.0375,-37.91,37.15,10.79,-0.2904,1.666,0.1619,-0.0511,-0.3002,2025-10-22
10009939,500ETF沽10月7250,0.2661,-38.12,27.15,13.33,-0.4909,0.6064,0.9774,-0.4392,-1.0903,2025-10-22
10009954,科创50沽10月1250,0.0228,-38.38,61.1,12.63,-0.2067,1.3888,0.1349,-0.036,-0.251,2025-10-22
10009974,科创板50沽10月1300,0.048,-38.62,28.35,9.79,-0.3454,1.8569,0.1702,-0.0597,-0.3111,2025-10-22
10009898,50ETF沽10月2850,0.0055,-38.89,567.64,49.38,-0.087,0.7253,0.1678,-0.0322,-0.1467,2025-10-22
10009900,50ETF沽10月2950,0.0138,-39.74,226.23,43.69,-0.1931,1.2549,0.2903,-0.0721,-0.252,2025-10-22
10009839,科创50沽9月1450,0.0849,-39.79,16.41,10.88,-0.6634,3.0741,0.0996,-0.0385,-0.5516,2025-09-24
10009916,300ETF沽10月4100,0.0048,-40.0,970.83,47.38,-0.0488,0.2712,0.1601,-0.027,-0.1613,2025-10-22
10008859,科创50沽9月1000,0.0003,-40.0,4643.33,0.0,0.0,0.0014,0.0,0.0,-0.0002,2025-09-24
10008844,500ETF沽9月6000,0.0015,-40.0,4816.0,0.48,-0.0001,0.0018,0.001,0.0,-0.0033,2025-09-24
10009796,300ETF沽9月4800,0.1629,-40.15,28.61,20.81,-0.7275,1.5397,0.3031,-0.1366,-0.8874,2025-09-24
10009804,科创板50沽9月1400,0.0738,-40.19,18.44,11.3,-0.613,3.3399,0.102,-0.0345,-0.5601,2025-09-24
10009744,500ETF沽9月7500,0.331,-40.31,21.82,16.39,-0.7509,0.8351,0.4487,-0.2205,-1.4951,2025-09-24
10009973,科创板50沽10月1250,0.0299,-40.32,45.52,11.49,-0.2525,1.6094,0.1475,-0.0432,-0.2706,2025-10-22
10009972,科创板50沽10月1200,0.0178,-40.47,76.46,13.14,-0.1719,1.2843,0.1177,-0.0291,-0.2165,2025-10-22
10010018,500ETF沽10月5750,0.005,-40.48,1444.8,7.22,-0.005,0.0224,0.0361,-0.0043,-0.0415,2025-10-22
10008843,500ETF沽9月5750,0.0008,-42.86,9030.0,0.0,0.0,0.0001,0.0,0.0,0.0,2025-09-24
10009938,500ETF沽10月7000,0.1444,-43.39,50.03,17.09,-0.3416,0.5581,0.8996,-0.3021,-1.015,2025-10-22
10009921,300ETF沽10月4600,0.0829,-43.41,56.21,23.2,-0.4127,1.0423,0.6155,-0.2347,-0.6055,2025-10-22
10008810,50ETF沽9月2800,0.0006,-45.45,5203.33,16.13,-0.0031,0.0768,0.0059,-0.0003,-0.0157,2025-09-24
10009934,500ETF沽10月6000,0.0085,-46.2,849.88,15.04,-0.0177,0.0667,0.1076,-0.0152,-0.1236,2025-10-22
10009917,300ETF沽10月4200,0.008,-46.67,582.5,51.03,-0.0876,0.4263,0.2518,-0.0487,-0.2529,2025-10-22
10009935,500ETF沽10月6250,0.0163,-47.76,443.19,21.76,-0.0491,0.1548,0.2495,-0.0424,-0.2861,2025-10-22
10009920,300ETF沽10月4500,0.048,-47.83,97.08,30.13,-0.3104,0.945,0.558,-0.1753,-0.5532,2025-10-22
10008930,科创50沽9月1400,0.0505,-48.05,27.58,13.9,-0.504,3.3603,0.1088,-0.0288,-0.6075,2025-09-24
10009496,50ETF沽9月3100,0.0273,-48.49,114.36,47.77,-0.4177,3.0954,0.2387,-0.0514,-0.6245,2025-09-24
10009502,300ETF沽9月4400,0.0064,-48.8,728.13,73.69,-0.1012,0.8213,0.1617,-0.0184,-0.4917,2025-09-24
10009937,500ETF沽10月6750,0.0704,-48.84,102.61,21.51,-0.2096,0.4379,0.7057,-0.1836,-0.8023,2025-10-22
10008896,50ETF沽9月2900,0.0014,-50.0,2230.0,70.25,-0.0315,0.5627,0.0434,-0.0037,-0.1153,2025-09-24
10009216,科创板50沽9月750,0.0001,-50.0,13610.0,0.0,0.0,0.0,0.0,0.0,0.0,2025-09-24
10008881,科创板50沽9月1150,0.0015,-50.0,907.33,18.33,-0.0202,0.4271,0.013,-0.001,-0.0727,2025-09-24
10009936,500ETF沽10月6500,0.033,-50.0,218.91,24.26,-0.1108,0.2875,0.4634,-0.0963,-0.5295,2025-10-22
10008875,科创板50沽9月850,0.0001,-50.0,13610.0,0.0,0.0,0.0,0.0,0.0,0.0,2025-09-24
10008886,50ETF沽9月2850,0.0007,-50.0,4460.0,48.61,-0.0109,0.2305,0.0178,-0.0012,-0.0472,2025-09-24
10008924,科创板50沽9月1350,0.041,-50.48,33.2,14.69,-0.4425,3.4447,0.1052,-0.0245,-0.5814,2025-09-24
10009760,300ETF沽9月4700,0.0862,-51.19,54.06,30.26,-0.5598,1.8288,0.36,-0.1041,-1.0737,2025-09-24
10009919,300ETF沽10月4400,0.0253,-51.81,184.19,40.36,-0.2191,0.791,0.4671,-0.1231,-0.4657,2025-10-22
10009918,300ETF沽10月4300,0.0134,-51.97,347.76,50.11,-0.1441,0.6078,0.359,-0.0805,-0.3594,2025-10-22
10008906,50ETF沽9月2950,0.0023,-53.06,1357.39,102.48,-0.0755,1.1294,0.0871,-0.0091,-0.231,2025-09-24
10008845,500ETF沽9月6250,0.0022,-54.17,3283.64,8.21,-0.0025,0.0214,0.0115,-0.0006,-0.0398,2025-09-24
10008882,科创板50沽9月1200,0.0034,-55.26,400.29,24.54,-0.0613,1.0584,0.0323,-0.0032,-0.18,2025-09-24
10008879,科创板50沽9月1050,0.0004,-55.56,3402.5,2.72,-0.0008,0.0261,0.0008,0.0,-0.0043,2025-09-24
10008864,科创50沽9月1250,0.0051,-55.65,273.14,25.51,-0.0934,1.4073,0.0456,-0.0051,-0.2567,2025-09-24
10008912,科创50沽9月1350,0.0256,-55.86,54.41,18.42,-0.3385,3.0815,0.0998,-0.0191,-0.5595,2025-09-24
10009048,500ETF沽9月7250,0.1371,-57.59,52.69,27.03,-0.5129,1.05,0.5641,-0.1483,-1.9235,2025-09-24
10008908,300ETF沽9月4401A,0.0053,-57.6,879.25,89.77,-0.1021,0.8264,0.1627,-0.0186,-0.4947,2025-09-24
10009040,50ETF沽9月3000,0.0048,-57.89,650.42,100.16,-0.154,1.8816,0.1451,-0.0187,-0.3838,2025-09-24
10008916,科创板50沽9月1300,0.0195,-58.86,69.79,19.31,-0.2766,2.9204,0.0892,-0.0151,-0.4948,2025-09-24
10008846,500ETF沽9月6500,0.0045,-59.46,1605.33,32.59,-0.0203,0.1299,0.0698,-0.0057,-0.2421,2025-09-24
10009630,300ETF沽9月4600,0.0368,-61.02,126.63,47.7,-0.3767,1.7607,0.3466,-0.0695,-1.0441,2025-09-24
10008890,科创板50沽9月1250,0.0078,-61.76,174.49,25.28,-0.1449,1.9883,0.0607,-0.0078,-0.3377,2025-09-24
10008894,科创50沽9月1300,0.0106,-62.81,131.42,25.63,-0.195,2.3233,0.0752,-0.0108,-0.423,2025-09-24
10009608,300ETF沽9月4500,0.013,-66.23,358.46,77.07,-0.215,1.3552,0.2668,-0.0394,-0.8083,2025-09-24
10008878,科创板50沽9月1000,0.0001,-66.67,13610.0,0.0,0.0,0.0036,0.0001,0.0,-0.0005,2025-09-24
10008877,科创板50沽9月950,0.0001,-66.67,13610.0,0.0,0.0,0.0003,0.0,0.0,0.0,2025-09-24
10008888,500ETF沽9月6750,0.0112,-67.91,645.0,59.47,-0.0922,0.4357,0.2341,-0.0261,-0.81,2025-09-24
10008904,500ETF沽9月7000,0.0405,-69.87,178.37,46.84,-0.2626,0.8588,0.4614,-0.0751,-1.5888,2025-09-24
